hashtags,n
AI,7808
ai,1459
IoT,922
MachineLearning,871
BigData,792
ArtificialIntelligence,700
ML,558
tech,498
machinelearning,437
DeepLearning,402
bigdata,393
DataScience,392
fintech,326
Blockchain,321
blockchain,306
technology,300
Analytics,267
innovation,228
cybersecurity,225
Tech,213
iot,193
Fintech,187
deeplearning,186
artificialintelligence,178
DigitalTransformation,175
datascience,174
Robots,173
ml,169
automation,163
RSI,162
data,158
Cloud,157
Robotics,156
NLP,152
robotics,152
analytics,151
IA,151
gaming,139
VR,136
agile,134
projectmanagement,134
pmp,132
marketing,131
ppm,131
remotework,131
RPA,127
AR,121
smartcities,121
Marketing,113
business,110
CX,106
robots,106
digital,105
healthcare,105
opendata,103
Google,102
ICO,101
DL,100
IIoT,100
Chatbots,96
Technology,94
future,93
CyberSecurity,86
DataAnalytics,86
cloud,85
crypto,85
Data,85
HR,85
Crypto,84
Industry40,82
cryptocurrency,81
neuralnetworks,79
DevOps,77
startup,77
agi,75
Bot,75
chatbots,74
Bigdata,73
HealthTech,70
Innovation,70
Python,68
Stocks,68
Automation,66
IBM,66
infosec,66
DigitalMarketing,65
NeuralNetworks,65
Bitcoin,64
Algorithms,63
Cybersecurity,63
Ai,62
Digital,62
digitaltransformation,61
Insurtech,61
futureofwork,59
Picks,59
SMM,59
BTC,58
CIO,58
Neural,58
Business,57
Daily,57
Equities,57
Ethereum,57
InternetOfThings,57
privacy,57
Signal,57
creative,56
ERC20,56
IOT,55
startups,55
socialmedia,53
insurtech,52
IT,52
trading,52
ETH,51
ArtificialInteligence,50
OracleMBX,50
poem,50
bitcoins,49
chatbot,49
API,48
banking,48
coding,48
SEO,48
Java,47
crowdsale,46
disruption,46
人工知能,46
GRS,45
javascript,45
Linux,45
Microsoft,45
sales,45
code,44
DAPP,44
FinTech,44
programming,44
Security,44
bitcointalk,43
Datascience,43
SocialMedia,43
webdev,43
altcoin,42
ethics,42
litecoin,42
MachineIntelligence,42
retail,42
Ruby,42
AltCoins,41
masternodes,41
SmartCities,41
SmartCity,41
smartcontract,41
TechTopics,41
tokensale,41
China,40
COLX,40
GRE,40
MySQL,40
robot,40
4IR,39
5G,39
B2B,39
decentralized,39
news,39
Swift,39
UX,39
Chatbot,38
cryptolife,38
php,38
Programmer,38
security,38
signals,38
education,37
Healthcare,37
IBMWatson,37
neuralnetwork,37
cryptomemes,36
FutureOfWork,36
healthtech,36
makeyourownlane,36
FakeNews,35
Insurance,35
mining,35
Peculium,35
digitalhealth,34
Facebook,34
SMART,34
Startup,34
Amazon,33
BI,33
ecommerce,33
GDPR,33
tokens,33
CloudComputing,32
DataScientist,32
Iot,32
jobs,32
python,32
Australia,31
martech,31
Cryptocurrency,30
drones,30
MachineLeaning,30
Machinelearning,30
AIEVE,29
Banking,29
bitcoin,29
defstar5,29
IntelligenceArtificielle,29
R,29
Retail,29
SaaS,29
TechNews,29
bots,28
malware,28
mobile,28
Oracle,28
ethereum,27
GrowthHacking,27
KI,27
leadership,27
NPXS,27
sklearn,27
supplychain,27
transparency,27
VC,27
AutonomousVehicles,26
Azure,26
edtech,26
Future,26
HRtech,26
savings,26
scikit,26
AugmentedReality,25
CEO,25
ENRG,25
Europe,25
FutureofWork,25
InteligenciaArtificial,25
technews,25
video,25
google,24
privacymatters,24
saas,24
space,24
UK,24
3Dprinting,23
AI4GOV18,23
Cybersec,23
dataanalytics,23
Deloitte,23
fakenews,23
skynet,23
smartcity,23
social,23
Wearables,23
apocalypse,22
autonomous,22
Bots,22
DICE,22
DTS18,22
internet,22
M2M,22
Recruitment,22
scifi,22
TRCT,22
vr,22
ar,21
BLOCKCHAIN,21
DEEPAERO,21
DRONE,21
futuretech,21
RSAC,21
wearables,21
WednesdayWisdom,21
Asia,20
BusinessIntelligence,20
computervision,20
ehealth,20
EmailMarketing,20
Gartner,20
health,20
Intelligence,20
IoE,20
Mpgvip,20
network,20
salesforce,20
smallbiz,20
smarthome,20
VirtualReality,20
workplace,20
AIExpo,19
BusinessDevelopment,19
cloudbasedcrm,19
contentmarketing,19
customermanagment,19
dl,19
EMC,19
endofdays,19
Energy,19
Entrepreneur,19
EU,19
FICOWorld18,19
HiAiWithPresence,19
Human,19
iartg,19
infographic,19
learning,19
legaltech,19
marketingcrm,19
PredictiveAnalytics,19
saascrm,19
salesguide,19
salespeople,19
scaryshit,19
science,19
selfdriving,19
SMBs,19
socialenrich,19
software,19
Software,19
商用利用OK,19
Africa,18
algorithm,18
Apple,18
ContentMarketing,18
CRM,18
CustomerExperience,18
Deeplearning,18
HRIS,18
Mobile,18
Startups,18
technologies,18
Antarctica,17
branding,17
computer,17
Consciousness,17
FacialRecognition,17
hospitals,17
IBMPartner,17
kindleunlimited,17
LOVE,17
minipodcast,17
PwC,17
SupplyChain,17
TokenSale,17
WatsonSupplyChain,17
Alexa,16
BlockChain,16
blog,16
Capterra,16
content,16
Digitalisierung,16
Divine,16
EMC2,16
Enterprise,16
Extraterrestrial,16
futuro,16
G2Crowd,16
GetApp,16
GlobalHCM,16
HCM,16
HRblog,16
HRhour,16
iAmTheOneCharlotDeMan,16
InsurTech,16
Leadership,16
Light,16
Matrix,16
NorthAmerica,16
Planets,16
Powerful,16
Senegal,16
SHRM,16
socialselling,16
Source,16
SouthAmerica,16
strategy,16
TheNetherlands,16
TheOne,16
Touba,16
Twinsoul,16
Ufo,16
Worldpeace,16
abdsc,15
CFO,15
customerexperience,15
Disruption,15
diversity,15
ECA,15
Entrepreneurship,15
Finance,15
free,15
India,15
London,15
Renewables,15
Science,15
TCNN,15
ux,15
automotive,14
CMO,14
design,14
Drones,14
FREE,14
insurance,14
selling,14
success,14
TeamGratton,14
travel,14
virtual,14
web,14
app,13
apps,13
biometrics,13
bot,13
cloudcomputing,13
Cognitive,13
cryptocurrencies,13
datacenters,13
DigitalHealth,13
DLT,13
EmergingTech,13
enterprise,13
entrepreneur,13
finance,13
GartnerDA,13
GlobalAffairsAI,13
human,13
ian1,13
Infographic,13
mhealth,13
research,13
RISE,13
SASChat,13
singularity,13
smm,13
storage,13
TIX,13
Trump,13
work,13
改変OK,13
無料素材,13
画像,13
3D,12
AdvertisingAndBeyond,12
artificialIntelligence,12
BigDataAnalytics,12
cancer,12
Cancer,12
cx,12
development,12
driverless,12
Education,12
EmergingTechnologies,12
ERA,12
FinancialServices,12
finserv,12
Hiring,12
hotels,12
Jobs,12
Manufacturing,12
mobility,12
News,12
payments,12
Payments,12
PrescientInfo,12
Strategy,12
Talent,12
Transportation,12
UI,12
編集可能,12
5g,11
algorithms,11
ANN,11
AnuarioACE,11
Artificial,11
cognitive,11
CryptocurrencyNews,11
Cryptonews,11
CTO,11
CulturaInteligente,11
DataSecurity,11
dataviz,11
DCN,11
Ethics,11
Finserv,11
gamedev,11
HumanRights,11
Industrie40,11
industry40,11
Instagram,11
law,11
logistics,11
Privacy,11
Robot,11
Sales,11
Serverless,11
STEM,11
surveillance,11
voice,11
глубинноеОбучение,11
ии,11
仮想通貨,11
3DPrinting,10
ArtificalIntelligence,10
Artificial_Intelligence,10
AWS,10
ceo,10
cio,10
CloudNative,10
customers,10
custserv,10
cyber,10
Defstar5,10
developers,10
eHealth,10
ERP,10
FashionTech,10
FuturesThinking,10
HealthIT,10
IndustrialIoT,10
Internet,10
InternetofThings,10
ioe,10
IoTTechExpo,10
kindle,10
medtech,10
mgvip,10
NavikSalesAI,10
productivity,10
QuantumComputing,10
RegTech,10
Safety,10
Sensors,10
Statistics,10
tekoäly,10
Tesla,10
Trading,10
virtualassistant,10
искусственныйИнтеллект,10
タイトル,10
データ,10
バックグランド,10
機械学習,10
無料ベクター,10
Algorithm,9
amwriting,9
bitcoinnews,9
cdo,9
conference,9
CustomerEngagement,9
CustomerService,9
DataScientists,9
Developer,9
DigitalTechnology,9
elearning,9
facebook,9
govtech,9
HRTech,9
Influencer,9
inspiration,9
intelligence,9
investment,9
Learning,9
lifestyle,9
manufacturing,9
medical,9
Mobility,9
Monitoring,9
Nasdaq,9
NYC,9
podcast,9
RaspberryPi,9
recruiting,9
recruitment,9
RSAC2018,9
RTC,9
search,9
SocialMediaMarketing,9
TensorFlow,9
Training,9
transhumanism,9
Watson,9
WearableTech,9
WebRTC,9
website,9
машинноеОбучение,9
無料イラスト,9
4CES,8
4gamechangers,8
4org,8
advertisingandbeyond,8
AIethics,8
alexa,8
amazingcontent,8
asmsg,8
Automotive,8
Autonomous,8
bias,8
biotech,8
BitcoinFork,8
books,8
businessintelligence,8
Career,8
CDO,8
ChatBots,8
CLOAK,8
computing,8
Crowdfunding,8
customerservice,8
Custserv,8
decisionmaking,8
Development,8
dogecoin,8
echos_solutions,8
EmotionAI,8
energy,8
expresscomputer,8
fashion,8
Fashion,8
Fraud,8
Hadoop,8
Health,8
hiring,8
hospital,8
hospitality,8
hrtech,8
humanity,8
iiot,8
Israel,8
legal,8
LordsAIreport,8
management,8
money,8
music,8
Obama,8
oo,8
OTInnovate,8
platform,8
procurement,8
Psychology,8
realtime,8
REPS,8
Research,8
RILatSHRM,8
robotic,8
rpa,8
sciencefiction,8
smarthomes,8
socialmediamarketing,8
transfonum,8
transformation,8
transformationnumérique,8
Trends,8
VentureCapital,8
VET,8
virtualization,8
VoltTechnology,8
webinar,8
ylfly_france,8
нейросети,8
フリー素材,8
ベクタイメージ,8
株,8
無料ダウンロード,8
Agile,7
article,7
AXP,7
BPM,7
career,7
careers,7
CFOs,7
CI,7
collaboration,7
contactcenter,7
CryptoFashion,7
customer,7
cyberattacks,7
dataprivacy,7
dataprotection,7
devops,7
diagnose,7
digitaldisruption,7
Discount,7
disruptive,7
doctor,7
dubai,7
DX,7
eCommerce,7
environment,7
eth,7
feedly,7
fraud,7
futurism,7
growth,7
growthhacking,7
Hackers,7
HiAiPresence,7
Hospitality,7
hr,7
humans,7
HWC,7
IARTG,7
ICT,7
indiedev,7
industry,7
Infosec,7
investing,7
ITSM,7
job,7
ki,7
machine,7
medicine,7
MedTech,7
metáFORAS,7
Network,7
NeuralNetwork,7
nlp,7
opensource,7
Pharmacist,7
philosophy,7
RCAS18,7
recognition,7
SDN,7
Semantic,7
sensors,7
SHRMTech18,7
SmartHome,7
TalentAcquisition,7
TechTrends,7
Tencent,7
token,7
Toronto,7
Video,7
VOLT,7
webdesign,7
advertising,6
AIY,6
Alibaba,6
Apps,6
art,6
assurance,6
augmentedreality,6
AutonomousCars,6
autonomousvehicles,6
B2C,6
BBVA,6
Bitkom_i40,6
blockchainexpo,6
BoardOfDirectors,6
BookBoost,6
brands,6
BruegelEvent,6
btc,6
cannabis,6
change,6
cognitivecomputing,6
communication,6
compliance,6
CorpGov,6
creativity,6
CryptoSavings,6
CSR,6
CSuites,6
culture,6
Customer,6
DataProtection,6
DayTrading,6
Dev,6
Digitalization,6
digitalmarketing,6
DigitalMarketingstrategy,6
Digitalscoutings,6
digitalworkplace,6
DIY,6
Docker,6
drone,6
DSGVO,6
Ecommerce,6
edchat,6
emergingtech,6
engineering,6
facebookbreach,6
fiction,6
France,6
government,6
healthdata,6
HM18,6
HMI18,6
HPC,6
ibm,6
ico,6
InboundMarketing,6
indie,6
Influencers,6
insights,6
INSPEM,6
Insurers,6
intelligent,6
internetofthings,6
leader,6
Legal,6
Love,6
MBA,6
media,6
Media,6
mentalhealth,6
mHealth,6
Microservices,6
microsoft,6
musictech,6
mydubai,6
NASA,6
networking,6
NewScientist,6
newtech,6
NLU,6
nurse,6
NVST,6
Office365,6
onlinelearning,6
PeculiumWebinars,6
personalization,6
Pharmacy,6
PlazaSystems,6
pr,6
presale,6
projects,6
radiology,6
ranking,6
Regtech,6
regulation,6
rstats,6
SciFi,6
sfrtg,6
smallbusiness,6
smartphones,6
stocks,6
sustainability,6
talent,6
TeamInfor,6
TechTuesday,6
Transformation,6
trending,6
Trust,6
UAE,6
ucaas,6
US,6
UserExperience,6
virtualreality,6
Webinar,6
Website,6
WednesdayMotivation,6
wednesdaythoughts,6
いじめ,6
グラフィックス,6
ダウンロード無料,6
ﾀﾀﾞ,6
ディープラーニング,6
パーツ,6
フリー画像,6
商用,6
図,6
壁紙,6
急上昇,6
相互フォロー,6
5FutureStates,5
ABM,5
Aerospace,5
agritech,5
AgTech,5
AI_Stock株価予測,5
AIio,5
AIYProjects,5
AltranUKInnovationDay,5
amazon,5
amreading,5
AppDev,5
AritificialIntelligence,5
artificial,5
ASX,5
AUTOMATION,5
AutoML,5
Automobile,5
Baidu,5
bank,5
BlackLightning,5
Books,5
brand,5
CES2018,5
changemanagement,5
CISO,5
climatechange,5
Coding,5
CognitiveComputing,5
CognitiveServices,5
Collaboration,5
computers,5
ComputerVision,5
connectedhomes,5
Construction,5
CPG,5
crnnews,5
crowdfunding,5
custexp,5
cybercrime,5
databreach,5
Databricks,5
deeptech,5
Design,5
designthinking,5
diabetes,5
Dubai,5
DWS18,5
economy,5
emailmarketing,5
EmployeeExperience,5
employees,5
entrepreneurs,5
ethical,5
EV,5
facialrecognition,5
FAIR,5
FinServ,5
Fitness,5
Ford,5
FutureWorkforce,5
Governance,5
GPU,5
hacking,5
Hacking,5
HarryPotter,5
HAS2018,5
HealthCare,5
Hearables,5
html,5
HTML,5
IIOT,5
illustlator,5
induux_de,5
Intel,5
IntelligentAutomation,5
IOA,5
iPhone8,5
IRIGrowthSummit,5
it,5
journey,5
Keras,5
KI_Banken,5
linux,5
LnD,5
Machine,5
machineLearning,5
Makeyourownlane,5
MakeYourOwnLane,5
marketers,5
marketingstrategy,5
marketingtips,5
medtwitter,5
Mgvip,5
MIT,5
MixedReality,5
mlearning,5
Montreal,5
MR,5
NavikConceptAI,5
NebulaAI,5
neuroscience,5
NLProc,5
NorthKorea,5
omnichannel,5
OnlineLearning,5
onlinemarketing,5
ORS,5
OS,5
people,5
personalised,5
pharma,5
predictive,5
predictiveanalytics,5
PreSale,5
Procurement,5
PSA,5
Ransomware,5
Recruiting,5
regtech,5
reseller,5
retailers,5
Ripple,5
RL,5
robotica,5
ROI,5
RSAC18,5
RStats,5
Salesforce,5
saschat,5
SCM,5
Search,5
SearchMarketing,5
selfdrivingcars,5
seo,5
Singapore,5
skill,5
skills,5
Smart,5
SmartFactory,5
society,5
SPDC,5
Specialists,5
SQL,5
stockmarket,5
storytelling,5
streaming,5
symptom,5
telco,5
Telemedicine,5
TheAIConf,5
Transparency,5
Travel,5
trust,5
TuesdayThoughts,5
USA,5
VirtualAssistant,5
WatsonMarketing,5
WomenInSTEM,5
WomenInTech,5
Workforce,5
ابتكار,5
دبي,5
デジタルハラスメント,5
バナー広告,5
ベクター,5
ほのめかし,5
商用利用,5
投資,5
挿し絵,5
暗号通貨,5
生体実験,5
組織犯罪,5
絵,5
集団ストーカー,5
電子武器,5
電子洗脳,5
3dprinting,4
ad,4
agriculture,4
AgriTech,4
AIintel,4
Aitheon,4
AitheonPowered,4
algorithmic,4
Alogrithms,4
AmazonEcho,4
AmazonPrime,4
AML,4
amnesty,4
android,4
App,4
applications,4
ArtificailIntelligence,4
Artificialintelligence,4
ASUGSV2018,4
autonomouscars,4
autonomousdriving,4
b2b,4
Backend,4
BasicIncome,4
bestlifeproject,4
bigd,4
bigtech,4
Biotech,4
BoardRoom,4
Boston,4
Brand,4
brave,4
BREAKING,4
BtoB,4
businessanalytics,4
BusinessAnalytics,4
BusinessModel,4
camera,4
Canada,4
cctr,4
cdntech,4
Cells,4
CleanTech,4
cmo,4
coffegram,4
ComicCon,4
companies,4
Compliance,4
computerintelligence,4
ConnectedCars,4
consumer,4
consumers,4
Content,4
Controlled,4
Conviva,4
Crime,4
crowdfund,4
Crunchbase,4
css,4
CustomerCare,4
CustomerJourney,4
CXO,4
CyberAttack,4
DataCenter,4
datamining,4
DataMining,4
Dataviz,4
datawarehouse,4
DecisionMaking,4
Defense,4
DesignThinking,4
devhumor,4
digit,4
DigitalBanking,4
DigitalHR,4
digitalization,4
digitalsociety,4
DigitalWorkplace,4
DiscoveryVest,4
DOI,4
DOPS,4
Draco,4
Driverless,4
DriverlessCars,4
DYK,4
EdTech,4
ElectricVehicle,4
EMEAps,4
Engineering,4
engineers,4
EricssonLive,4
ethicalAI,4
FFAA,4
FMCG,4
Follow,4
funding,4
Galaxy,4
game,4
Games,4
gdpr,4
genetherapy,4
Germany,4
global,4
GroundTruth,4
Hack,4
Healing,4
HealthcareRevolution,4
healthIT,4
hedgefunds,4
HongKong,4
HT,4
HumanPatrolledSpace,4
HumanResources,4
ICOs,4
ICYMI,4
illness,4
illustrator,4
IndieBooksBeSeen,4
IndustrialDataSummit,4
InfinityWar,4
Infographics,4
InfoSec,4
innovate,4
intelligenceartificielle,4
Invest,4
Investment,4
investors,4
ios,4
iPhone,4
IYRK,4
japan,4
Javascript,4
JimCarrey,4
kickstarter,4
KindleUnlimited,4
Kratec,4
LabLife,4
LatinAmerica,4
Legaltech,4
LegalTech,4
LegionFX,4
list,4
live,4
Machines,4
Magellan,4
Malware,4
Management,4
Mapping,4
market,4
Marketers,4
markets,4
Melbourne,4
MI,4
Microscope,4
microservices,4
military,4
MilkyWay,4
Millennials,4
mixedreality,4
mobileapps,4
MobileApps,4
mpgvip,4
MSFTAdvocate,4
Neurons,4
Novel,4
NowPlaying,4
Online,4
OpenBanking,4
OpenSource,4
Orac,4
oracleMBX,4
ORSGROUP,4
overheid,4
P2P,4
patientcentric,4
PayPal,4
PeopleAnalytics,4
performance,4
PHP,4
Platform,4
PND,4
politics,4
power,4
Precision,4
Prediction,4
prodmgmt,4
programmer,4
RadioAndPodcast,4
rarediseases,4
reactjs,4
regenerativemedicine,4
ReinforcementLearning,4
Reptilians,4
Researchers,4
ripple,4
RiskManagement,4
Robocop,4
Russia,4
SAP,4
screenplay,4
sdx,4
SharePoint,4
SHRMtech18,4
Siri,4
SITS18,4
SmartContracts,4
smartgrid,4
smartphone,4
Smartwatches,4
SMEs,4
SMSF,4
SQLServer,4
StartUp,4
startuplife,4
statistics,4
SupervisedLearning,4
TalkToBooks,4
texting,4
TheFlash,4
think2018,4
this,4
top,4
trade,4
Traders,4
TransfoNum,4
Trending,4
trends,4
true4u,4
uk,4
UN,4
UNGA,4
UNHRC,4
uxdesign,4
vector,4
VIiot,4
virtualassistants,4
Vision,4
VoiceFirst,4
VUI,4
VZT,4
wealthtech,4
women,4
womenintech,4
WomeninTechChat,4
Work,4
workforce,4
world,4
XRP,4
Zeid,4
クレジット,4
ジャパンネット銀行,4
テクノロジー,4
リップル,4
ロボアドバイザー,4
ロボット,4
先手必勝,4
効果抜群,4
商売繁盛,4
新鮮住所録,4
日本一安価,4
異常気象,4
費用対効果,4
銀行振込,4
1nt,3
Ads,3
AGI,3
ＡＩ,3
AIDC2018,3
AIDOC,3
AIRI,3
Analyze,3
Android,3
Angularjs,3
Animation,3
ApacheSpark,3
APIs,3
architecture,3
ArtificialIntellegence,3
ASMSG,3
automate,3
AutomatedMachineLearning,3
AUTOML,3
aviation,3
Aviation,3
Awards,3
banks,3
BarackObama,3
BehavioralEconomics,3
Beijing,3
bigData,3
BIM,3
Biometric,3
bioprinting,3
bitqy,3
biz,3
BlackMirror,3
blogger,3
Branding,3
Brexit,3
Brisbane,3
builders,3
Building,3
businesses,3
butfirstcoffee,3
CambridgeAnalytica,3
cdwsocial,3
center4oe,3
Certification,3
CGI,3
Cinema,3
CleanApp,3
CLOUD,3
coders,3
computerscience,3
computerVision,3
construction,3
consulting,3
ContentAnalytics,3
copyright,3
CRE,3
create,3
CryptoCurrencies,3
CryptoCurrency,3
cryptonews,3
CryptoNews,3
cryptotrading,3
CSP,3
CSuite,3
CUJO,3
Culture,3
custcare,3
Cyber,3
cyberAttacks,3
cyberrisk,3
D,3
DAM,3
Database,3
datadriven,3
DataEngConf,3
DataGovernance,3
daytrading,3
dbrain,3
DDoS,3
decision,3
delivery,3
developer,3
Devjob,3
devlife,3
DHL,3
digitalbanking,3
digitalcommunication,3
DigitalPayments,3
digitization,3
disease,3
Disney,3
DisruptiveInnovation,3
diy,3
DPI18,3
driverlesscars,3
Drone,3
Economy,3
ecosystem,3
edge,3
edgecomputing,3
eLearning,3
ElectricCars,3
ElectricVehicles,3
electronics,3
ElonMusk,3
emergingtechnologies,3
EMR,3
engagement,3
enterprises,3
entertainment,3
eTailingIndiaExpo,3
European,3
ExecSummit,3
Failure,3
FakeApp,3
FakeNewsMedia,3
farming,3
faster,3
FICOBlogs,3
fieldservice,3
film,3
financial,3
financialcrime,3
fintechnews,3
fogcomputing,3
Forbes,3
frenchtech,3
Frontend,3
Futhorc,3
futureishere,3
futureisnow,3
Futureofwork,3
FutureReady,3
FutureTech,3
GEC18IST,3
geek,3
geeks,3
generativedesign,3
Genomics,3
GoogleAssistant,3
GoogleHome,3
governments,3
Graphics,3
greentech,3
Harvard,3
hcd,3
Healthapps,3
HigherEd,3
hispz18,3
Hispz18,3
Huawei,3
humancapital,3
Humanrights,3
Humans,3
hut34project,3
IaaS,3
IamIntel,3
IBMCloud,3
IBMGarage,3
IBMResearch,3
IBMWatsonAEAPS,3
ICIT,3
identity,3
IIot,3
ImageRecognition,3
inclusion,3
indiegogo,3
Industria40,3
Industrial,3
IndustrialData,3
industrie40,3
industry4,3
influencer,3
infrastructure,3
Innovate,3
Insights,3
IntelAI,3
interaction,3
InternetMarketing,3
Internetofthings,3
IOS,3
ioT,3
iOT,3
IOTA,3
ipa,3
ITjobs,3
ITRTG,3
java,3
JordanPeele,3
KansasCity,3
km,3
Korea,3
Landscape,3
Language,3
Laptrinhvien,3
launch,3
Law,3
lawyer,3
lawyers,3
LegalOps,3
Lending,3
like,3
LiveEvent,3
Logistics,3
LordsAIReport,3
love,3
MachineHearing,3
machines,3
maker,3
mapping,3
marcom,3
MarketingAutomation,3
MarTech,3
master,3
Math,3
matrix,3
MEDIC,3
meetings,3
MHGelevate,3
MicrosoftAI,3
microsoftlatinx,3
MicrosoftLatinx,3
MikeQuindazzi,3
mini,3
mobileapp,3
MobileApp,3
MobileSecurity,3
motivation,3
movie,3
mrx,3
musicbusiness,3
MWC18,3
NAB2018,3
Networking,3
Neurology,3
Neuroscience,3
NeuroScience,3
new,3
nhk,3
NHS,3
NitinVarma,3
nodejs,3
Nodejs,3
Nvidia,3
OKO,3
online,3
OOOO,3
optimization,3
oracle,3
p20,3
PaaS,3
perfectpitch,3
personal,3
Personalisation,3
Personalization,3
pitchperfect,3
police,3
policy,3
Power,3
PPP,3
prescriptive,3
Programer,3
Programming,3
PTW18,3
publichealth,3
Reactjs,3
Read,3
ReimagineBanking,3
remotesensing,3
RemoteSurveillanceDevice,3
ResponsibleAI,3
Resume,3
reviews,3
revolution,3
Risk,3
RoboAdvisor,3
Robotic,3
RRBC,3
RSA,3
RSAConference,3
S4HANA,3
SASchat,3
saving,3
Scala,3
ScienceFiction,3
SeeMooore,3
SelfDrivenCar,3
SelfDrivingCars,3
semantics,3
SentimentAnalysis,3
service,3
SF,3
SiliconValley,3
SimpleFund360,3
Singularity,3
sleep,3
SM,3
SmallBiz,3
smart,3
Smartdata,3
smartglasses,3
SmartSpeaker,3
SMB,3
SocialBusiness,3
SocialSelling,3
softwaredevelopment,3
SouthKorea,3
spark,3
speechrecognition,3
Staffing,3
STEAM,3
stem,3
Story,3
Success,3
Sydney,3
TalentManagement,3
techhumor,3
Technologies,3
TechnologyNews,3
techstartup,3
techstartups,3
telehealth,3
tesla,3
Tester,3
Testing,3
textmessage,3
Think2018,3
thriller,3
TIP,3
Tips,3
TransformaciónDigital,3
TransformHIT,3
trend,3
Tutorial,3
tv,3
TW4RW,3
twitter,3
Twitter,3
ui,3
universities,3
venturecapital,3
Vertica,3
Vicenza,3
VieclamIT,3
vision,3
Voice,3
voicetechnology,3
watson,3
WatsonIoT,3
WealthManagement,3
win,3
WomenInTechnology,3
Workplace,3
worldnews,3
WRC2018,3
XR,3
ZTESoftSummit,3
イラレ,3
グラフィックデザイン,3
フィンテック,3
ベーシックインカム,3
マーケティング,3
深層学習,3
災害,3
話題,3
金融,3
0100conferences,2
247Life,2
3dprint,2
4gc,2
4gc18,2
A,2
AACR2018,2
AccelerateIT,2
accelerator,2
Accenture,2
adobe,2
AdobeSummit,2
advancedanalytics,2
advangeo,2
Adventure,2
Advertising,2
AFWindSaves95,2
Ageing,2
Agri,2
agrifood,2
AI4good,2
ai4gov18,2
AICanvas,2
AIdata,2
aiethics,2
aiexpo,2
AIEXPO,2
AIforGood,2
AIforHumanity,2
ainews,2
AIops,2
AIParis,2
Airdrop,2
AIRDROP,2
AIResearch,2
Airport,2
AISalesSummit,2
AiSMA,2
AIStocks,2
AITechWorld,2
AIわらしべ君,2
akai,2
Algo,2
AlgoritHuman,2
algos,2
algotrading,2
ALQO,2
amazonalexa,2
Amsterdam,2
Ana,2
analysis,2
Analysis,2
analytiikka,2
androids,2
ANewYoo,2
AnthillInside2018,2
AoT,2
Apache,2
appdev,2
AppierSummit,2
application,2
Application,2
AppliedIntelligence,2
apprentice,2
ApprenticeLevy,2
architect,2
artist,2
ARVR,2
asia,2
asiakaskokemus,2
AskMia,2
AssecoGroupProductReview,2
assetmanagement,2
AssetManagement,2
assistant,2
assistants,2
ASUGSVSummit2018,2
ats,2
ATS,2
Attack,2
attacks,2
audio,2
AugmentedAnalytics,2
AusBiz,2
Austech,2
australianfintech,2
authentication,2
auto,2
automated,2
automatyzacja,2
autonomesFahren,2
AVCotd,2
avgeeks,2
azure,2
B2Bmarketing,2
Bancos,2
Bank,2
Banks,2
basketball,2
bci,2
BDCfintech,2
Beak,2
BEC,2
BeelineConf,2
befujitsu,2
Beyond,2
bi,2
bigdata2018,2
Bigyouthgroup,2
Binance,2
BioIT18,2
Biometrics,2
Biotechnology,2
BioWednesday,2
bitkom8,2
Biz,2
bizhumanrights,2
BlackHat,2
BlackPanther,2
bladerunner,2
bloggersuk,2
blogging,2
BonnieFRobinson,2
book,2
Botnets,2
Boycott,2
brabo,2
BrainDevelopment,2
BrainExtension,2
BrainProtection,2
BrainResearch,2
Breach,2
Broadcasting,2
BruegelEvents,2
BTSGoDigital,2
businessgrowth,2
businesstransformation,2
Buy,2
buyingsignals,2
buzzword,2
BYOL,2
C318,2
CadenaSuministro,2
calculus,2
Capacitación,2
capitalmarkets,2
card,2
care,2
celebrity,2
Ceo,2
certes,2
cg,2
chabot,2
changes,2
chat,2
Chat,2
ChatBot,2
Cheddur,2
chickens,2
china,2
Chip,2
CIOChat,2
Cisco,2
ciso,2
CitizenAI,2
Claims,2
Classifier,2
cleantech,2
clinical,2
CLOC2018,2
clones,2
CloudAPAutomation,2
clouds,2
CNN,2
coaching,2
Code,2
coder,2
Coin,2
Coleman,2
Collections,2
collision2018,2
community,2
Community,2
company,2
Companyculture,2
conhit,2
conhIT2018,2
ConnectedCar,2
connectivity,2
connector,2
Connexion,2
Consumo,2
Container,2
Containers,2
ContentCuration,2
ContentLoop,2
Contentmarketing,2
contentstrategy,2
ContingentWorkforce,2
ConversationalAI,2
Converting,2
COO,2
cool,2
cooltech,2
coop,2
copenx,2
CopenX,2
corporare,2
corporate,2
Cortana,2
Costing,2
cpo,2
CreditRisk,2
Crowdholding,2
crowdlaw,2
cryptocurency,2
Cryptocurrencies,2
cryptopayments,2
Cryptorevolution,2
Cryptos,2
CSMegatrends,2
cso,2
CSO,2
Customer360,2
CustomerCentric,2
CustomerData,2
customerfocused,2
CV,2
cyberattack,2
cyberpunk,2
cyberthreats,2
daily,2
DARPA,2
DataAnalysis,2
Dataanalytics,2
DataAsia,2
database,2
Databreach,2
datacenter,2
DataDriven,2
DataDrivenMedicine,2
datalake,2
DataManagement,2
dataprep,2
DataPrivacy,2
datascienceua,2
datascientist,2
datasets,2
DataStorage,2
dati,2
DC,2
debtcollections,2
Decisions,2
decisionsupport,2
deepfake,2
deepfakes,2
DeepLearnin,2
deepmind,2
DeepMind,2
DeepState,2
deer,2
defense,2
dellemc,2
Deloitte4GC,2
dementia,2
democracia,2
democracy,2
Democracy,2
DemoDate,2
DermEngine,2
designers,2
dev,2
device,2
DHLDigital,2
Diabetes,2
diagnosis,2
DigiAsia,2
DigitalByDesign,2
digitalcurrency,2
DigitalDisruption,2
digitale,2
digitaleconomy,2
digitalemployees,2
DigitalHealthcare,2
digitalisation,2
digitalisierung,2
digitalist,2
digitaljones,2
DigitalMedia,2
digitalsales,2
digitalskills,2
DigitalSolutions,2
digitalstrategy,2
Digitization,2
digitizationinbanking,2
diseño,2
disruptions,2
disruptivetechnologies,2
disseminate,2
distributed,2
dk50,2
dkpol,2
DNA,2
DOCTOR,2
doctors,2
dogs,2
DoS,2
Dronen,2
drugdiscovery,2
DrugDiscovery,2
dtc18,2
DTC18,2
Dublin,2
Duluth,2
DyfodolDeallus,2
Dynamics365,2
earth,2
EasyPowerfulSmart,2
ebook,2
ECM,2
ECommerce,2
economicgrowth,2
EdgeComputing,2
ediscovery,2
Edtech,2
edtechchat,2
educación,2
edutech,2
efficiency,2
eggs,2
Email,2
emotionalIntelligence,2
empleo,2
emploi,2
EmployeeEngagement,2
employment,2
EnterpriseAI,2
Entrepreneurs,2
EQ,2
Erotica,2
erp,2
ESG,2
ETC,2
ETHEREUM,2
etica,2
EUlinguafranca,2
Europa,2
EuropeanUnion,2
event,2
Event,2
eventhorizon,2
Exoskeleton,2
experience,2
experiences,2
experimentability,2
expo,2
Expo,2
faceRecognition,2
FaceRecognition,2
fake,2
Fantasy,2
Farm,2
Farmers,2
FARMWAVE,2
fb,2
FB,2
fearless,2
FICO,2
FICssIONES,2
FieldServiceUSA,2
fiintech,2
filosofia,2
financialservices,2
financing,2
Financing,2
Finanzas,2
finland,2
FintechAwardsLux,2
FIRESTARTERS,2
fiservforum,2
fishing,2
fitness,2
FlashBlade,2
flashstorage,2
FlashTweet,2
FlatEarth,2
Flintstones,2
Followme,2
food,2
forex,2
Forex,2
fow,2
FOW,2
FPGA,2
framework,2
French,2
frugal,2
FTSE,2
FTSFest18,2
Fundtech,2
futurecars,2
FutureDecoded,2
FutureEconomyCanada,2
FutureGlimpses,2
futureofbanking,2
futureoftech,2
Futures,2
Futurist,2
futuristic,2
FX,2
G20,2
gadget,2
GAFA,2
Game,2
gameDev,2
gamedevelopment,2
games,2
Gaming,2
GAN,2
GCP,2
GCRegSummit,2
gender,2
GeniiAI,2
GigE2018,2
GLH2018,2
GlobalCollaboration,2
GoogleDeveloper,2
governance,2
GPUs,2
graphic,2
growing,2
guitar,2
hack,2
hackathon,2
Hacker,2
Hannover,2
haptic,2
hapticsuit,2
hash,2
hashtag,2
hci,2
hcldr,2
healthscience,2
Healthtech,2
heart,2
heartdisease,2
helpdesk,2
hemesic,2
HEMESIC,2
hens,2
heroconf,2
HI,2
HiAIWithPresence,2
highered,2
HigherED,2
HighTech,2
HoloLens,2
homegrown,2
HostOffload,2
HRAnalytics,2
hris,2
html5,2
humanfirst,2
humanitarian,2
humanresources,2
humour,2
hybrid,2
hybridcloud,2
hydroponics,2
hyperconnectivity,2
Hyundai,2
ia,2
iA,2
IAN1,2
IBC365,2
IBMCode,2
IBMDigitalCharge,2
IBMSecurity,2
IBMservices,2
IBMTechU,2
ICITFellow,2
ICS,2
imageprocessing,2
imagerecognition,2
Impact,2
ImpactUSA,2
Impresa40,2
improve,2
in,2
incredible,2
indiegame,2
IndieReads,2
IndustriaFarmacéutica,2
Inflect,2
infografik,2
information,2
InformationSecurity,2
innovazione,2
Insight,2
intelandme,2
inteligenciaartificial,2
intelligentdigital,2
international,2
intralinks,2
Invacio,2
InventoryManagement,2
iosgame,2
IOTx,2
IP,2
IPA,2
iphone,2
Iran,2
ISR,2
Italy,2
ITModernization,2
ITsecurity,2
ITW2018,2
Japan,2
jeanchristophebonis,2
Jesus,2
JFKunsilenced,2
Job,2
JobAcer,2
jobkiller,2
journalism,2
Kaifulee,2
Keplertek,2
KineticaInMotion,2
klantenservice,2
KuenstlicheIntelligenz,2
KünstlicheIntelligenz,2
KYC,2
labor,2
language,2
lawenforcement,2
Lawyers,2
LegalInnovationAwards,2
LI,2
life,2
LifeSciences,2
linkedin,2
Linkedin,2
LinkedIn,2
listedcompanies,2
LiveOps,2
livesports,2
Localización,2
logistica,2
Logotipo,2
london,2
Longevity,2
Lords,2
loyalty,2
LTE,2
Luxembourg,2
Machine_Learning,2
machineintelligence,2
MachineLanguage,2
machineleaning,2
MAchineLearning,2
makers,2
MakingAIEasy,2
MAM,2
managers,2
manchester,2
mandelaeffect,2
manipulation,2
Market,2
marketingautomation,2
Mars,2
MarshRIMS,2
Martech,2
Masters,2
mastersprogram,2
matsuda,2
McKinsey,2
MedicalDevice,2
MeetAIinTaipei,2
Meetup,2
MENA,2
menfashion,2
messaging,2
MeToo,2
mia,2
michihito,2
MicrosoftAtHispz,2
Milan,2
Milano,2
Military,2
millennial,2
Millennial,2
millennials,2
Mindset,2
MindSphere,2
MobeyDay,2
mobileappdevelopment,2
Mobileapps,2
MobileFirst,2
MobilePayments,2
Mobilität,2
MoneyLaundering,2
montreal,2
MOOC,2
Moscow,2
mr,2
Mrx,2
MSP,2
multicloud,2
Music,2
musicians,2
Musk,2
mutants,2
MxT2018,2
NABShow,2
named,2
NationalHaikuDay,2
NaturalLanguageProcessing,2
netflix,2
Netflix,2
NetworkSecurity,2
Neurophysiology,2
newhampshire,2
newmedia,2
NewMedia,2
newsletter,2
nextgeneration,2
NLG,2
NLLeadership,2
NN,2
nnttsemergen18,2
Node,2
NorthEast,2
NoSQL,2
NWO,2
O,2
O365,2
obama,2
OCR,2
ODSC,2
OEM,2
oilandgas,2
Olympia,2
onboarding,2
Onlinemarketing,2
OnlineMarketing,2
OpenAI,2
openAPI,2
OpenDNA,2
openingnight,2
OPID18,2
opportunities,2
OracleCloud,2
OracleUC,2
orphanmedicines,2
OscarCorpas,2
OuluHealth,2
Oxford,2
PAASMER,2
Panasonic,2
ParisTradeMission,2
Patented,2
PatientCare,2
PatientSafety,2
PDB,2
peligro,2
pensions,2
pentagon,2
PeppertheRobot,2
personalisation,2
personalized,2
Peruse,2
pharmacy,2
Philosophy,2
phishing,2
photo,2
photography,2
Photoshop,2
plateforme,2
platforms,2
Podcast,2
PodernFamily,2
poker,2
Police,2
Política,2
Politics,2
PostMortems,2
poverty,2
POWER,2
PowerAI,2
ppc,2
PPY,2
precisionAgriculture,2
PrecisionMedicine,2
prediction,2
predictions,2
Predictions,2
PredictiveMaintenance,2
predictivemarketing,2
PrescriptiveAnalytics,2
PresctiptiveAnalytics,2
Process,2
ProcessMining,2
product,2
Product,2
productdesign,2
ProFinda,2
profits,2
ProTitan,2
ps,2
PSD2,2
PublicProcurement,2
Pune,2
pwc,2
pythonprogramming,2
quantum,2
quote,2
Radiology,2
ransomware,2
raspberrypi,2
RayKurzweil,2
RayTracing,2
reading,2
Reading,2
Realtime,2
recsys,2
recycling,2
RedmiNote5,2
regulations,2
regulatory,2
retailtech,2
retinopathy,2
RFBellagio,2
RH,2
RIMS2018,2
riseofthemachines,2
RisingStar,2
risk,2
Risk2Value,2
riskmanagement,2
RNM,2
RNT,2
roadmaps,2
RoboAdvisors,2
RoBoHoN,2
ROBOHON,2
ROBOT,2
Roboter,2
RoboticProcessAutomation,2
Robotik,2
RoE,2
Romance,2
Romania,2
rpbp,2
rsaconference,2
russia,2
S,2
safety,2
SageSummit,2
salestips,2
Samsung,2
SASGF,2
satellite,2
scicomm,2
Sciences,2
SDS,2
Seattle,2
SelfDriving,2
selfdrivingcar,2
sensations,2
sensetime,2
sensing,2
sensorfusion,2
SeriesA,2
servicedesk,2
sharingEconomy,2
shopping,2
Shows,2
siliconvalley,2
SinovationVentures,2
SKStratSummit,2
Sky,2
Slack,2
SmallBusiness,2
SMARTLIVE,2
SmartManufacturing,2
smartretail,2
SNS,2
socbiz,2
Social,2
socialcredit,2
SocialEngineering,2
Socialmedia,2
SoftwareTesting,2
solutions,2
SouthAfrica,2
Sp,2
spaceopera,2
spacex,2
speaker,2
speech,2
sports,2
SSFUK,2
Starbucks,2
StartupIndia,2
StartUps,2
Stock,2
StockMarket,2
stories,2
storyteller,2
strong,2
students,2
study,2
supercomputers,2
supercomputing,2
SupergridCloudPlatform,2
Superman,2
supply,2
Supplychain,2
support,2
Support,2
survey,2
Suspense,2
SUSTAINABILITY,2
sustainableinvesting,2
Syria,2
system,2
systems,2
talentmanagement,2
talktobooks,2
tama,2
TAMK,2
TaxDay,2
TDBCDebate,2
teachers,2
TECH,2
techforgood,2
TechForGood,2
TechNativeTV,2
technewstoday,2
Technologie,2
techvendors,2
Tecnología,2
Telco,2
Telegram,2
telematics,2
tensorflow,2
Tensorflow,2
Terminator,2
teslasuit,2
Teslasuit,2
testing,2
TextMining,2
thebglway,2
TheFrenchFuturist,2
TheFuture,2
thINK2018,2
thoughtleaders,2
thoughtleadership,2
ThreatDetection,2
Thriller,2
TIC,2
tiktok,2
timetravel,2
Tokens,2
TomorrowsWorld,2
Tool,2
tools,2
Toyota,2
tprm,2
TRA2018,2
TradeIdeas,2
traders,2
Trades,2
traffic,2
TransformationNumerique,2
TransHumanCode,2
transport,2
travail,2
traveltech,2
Treasury,2
TRN,2
Turing,2
Turkey,2
tutorial,2
TV,2
twitterbot,2
Tyler,2
työkyvyttömyys,2
Uber,2
ubi,2
ucoms,2
UEmed,2
UGA,2
uidesign,2
ukmfg,2
UKmfg,2
UKTech,2
underwriting,2
Unemployment,2
unesco,2
UniversalBasicIncome,2
universitadivicenza,2
University,2
usability,2
userexperience,2
Utilities,2
Vehicles,2
Vendor,2
VendorManagement,2
Verv,2
videogames,2
Vienna,2
views,2
VirtualAssistants,2
visual,2
visualization,2
VOICE18,2
voiceactors,2
voiceassistant,2
voiceassistants,2
voicefirst,2
voiceover,2
voicesearch,2
voicetech,2
volt,2
VOsense,2
VRAINS,2
vrara,2
vrm,2
Wales,2
wallst,2
WannaCry,2
war,2
Warehouse,2
waste,2
water,2
WatsonStudioPartner,2
weak,2
wearable,2
weekend,2
WEF,2
WEF2018,2
wellness,2
Wellness,2
WhatsNowMLB,2
WhiteHat,2
whitepaper,2
Whitepaper,2
WhitePaper,2
Wired,2
WordpressUK,2
words,2
WorkforceOfTheFuture,2
working,2
WorkPlaceDigitization,2
WorkTrends,2
World,2
worldopoly,2
worldwide,2
writer,2
X,2
xl8,2
XP,2
XRChallenge,2
YouTube,2
ZenRobotics,2
Zuckerberg,2
인공지능,2
イラスト,2
ウェルスナビ,2
カフェ,2
クリスマスソング,2
ゲーム,2
ダイレクトマーケティング,2
ビッグデータ,2
ビヨンド,2
プレイメーカー,2
ブロックチェーン,2
メディア論,2
ロボホン,2
わらしべ,2
わらしべ長者,2
予測,2
人気,2
多摩市,2
多摩市長選挙,2
契約リスク,2
日本,2
日本株,2
旬,2
未来,2
松田みちひと,2
松田道人,2
株価,2
株価予測,2
画像認識,2
芸能人,2
資産運用,2
遊戯王,2
100DaysOfCode,1
100daysofcodechallenge,1
100PorCientoPensiones,1
186B,1
2001ASpaceOdyssey,1
2001DC,1
2017Success,1
2020s,1
20代,1
2k18,1
3d,1
3davatar,1
3DComputerGraphics,1
3DMetalPrinting,1
3DModeling,1
3Dprinted,1
3Dスキャン,1
3rddimension,1
3Tplus,1
3TPlus,1
48V,1
4D,1
4DEdu,1
4G,1
4Manufacturing,1
4MLD,1
4pt5FLR,1
4thIndustrialRevolution,1
5Gnetworks,1
5greatminds,1
600Minutes,1
612Rencontres,1
9and9,1
AAI18,1
AAMAS,1
abbeyroadred,1
abm,1
ABMSummit,1
ABot,1
academia,1
academic,1
Academy,1
AcceleratedComputing,1
Acceleration,1
Access,1
accessibility,1
accessorydesigner,1
ACCFIT,1
accintouch,1
Accolade,1
accountability,1
Accountancy,1
Accountant,1
accountants,1
Accountants,1
accountbasedmarketing,1
accounting,1
Accuracy,1
ACFE,1
ACHEMA18,1
Achievement,1
achivements,1
ACIA,1
ACM,1
ACMawards,1
AcnAero,1
ACPAAS,1
acquisition,1
acquisitions,1
ACSsummit,1
action,1
actions,1
activemanagement,1
activism,1
Actualidad,1
ACubeWithEdgeverve,1
adabra,1
ADAS,1
addauto,1
addtech,1
adeptive,1
adeptiveintelligence,1
adifferentdrive,1
admiralx,1
ADO2018,1
Adobe,1
adobeillustrator,1
AdobeSensei,1
ADOxx,1
ads,1
adtech,1
Adtech,1
adtool,1
adtranBBSS18,1
AdultSwim,1
advanced,1
AdvancedAI,1
AdvancedAn,1
AdvancedSimulation,1
Advancing,1
AdvancingInterests,1
AdversarialRobustness,1
AdversialAttacks,1
advice,1
advocacy,1
AEC,1
aepiphanni,1
AERA18,1
AeroFarms,1
affinities,1
Affordable,1
africanaribbean,1
afrogeek,1
aftereffects,1
AfterEffects,1
AftermarketEngagement,1
agaf,1
Age,1
agencias,1
Agency,1
agencycare,1
AgeOfTheNetwork,1
AgeTech,1
agiles,1
Agility,1
aging,1
agnostic,1
AGO,1
Agricolturadiprecisione,1
Agriculture,1
Agro,1
agroblock,1
agrobusiness,1
agrotech_farm,1
Ahora,1
aI,1
AI_Speaks,1
ai2018,1
AI4socialgood,1
AIaaS,1
AIadoption,1
AIasaService,1
AIatMSD,1
AIb2b,1
Aiblackbox,1
aibo,1
AICO,1
aiconference,1
aiconferencemsk,1
AICulture,1
AIdesign,1
aidocme,1
AIecon,1
AIED,1
AIEthics,1
AIexpo,1
aiexpo2018,1
AIExpoGlobal,1
AIFashion,1
AIforALL,1
AIForAll,1
aiforgood,1
aiforindia,1
AIHack,1
AIHEALTH,1
AIInFinance,1
AIinGov,1
AIInnovation,1
AIinPR,1
AIintheUK,1
AIJobs,1
aijournal,1
AIKeySuccessFactors,1
AiLens,1
AIm,1
AImarketing,1
aimeetsci,1
AIMonday,1
AINOW,1
AIoT,1
AIPanel,1
AIpodcast,1
AiPower,1
AIQ,1
Airbnb,1
airconditioner,1
airdrop,1
AIready,1
AIReady,1
AIregulation,1
airlines,1
Airpods,1
AirPods,1
airports,1
airspace,1
Airtaxis,1
ais,1
AISchool,1
AISecretaryTAIYO,1
aistartup,1
AISummit,1
AIsystem,1
AITalent,1
AITalks,1
AITecherati,1
aitechniques,1
AItechnology,1
AITechnology,1
AiTogether,1
AItrends,1
AITrends,1
AIWeekHK,1
AIWEEKME,1
AIYVision,1
AIYVoice,1
AIロボで仕事がなくなる,1
AjayAgrawal,1
Alberta,1
album,1
Alcalde,1
alerts,1
alexaecho,1
Algor,1
Algori,1
AlgoritGame,1
AlgoritHeartInDevCoding,1
algorithmes,1
Algorithmic,1
algorithmiclending,1
algorithmictrading,1
AlgorithmicTrading,1
algoritmos,1
Algorythmen,1
Algosgonewilde,1
Aliens,1
alimentaria,1
Alipay,1
allinclusive,1
AlloraAI,1
allweb4u,1
Alorithms,1
AlphaGo,1
alphatcat,1
alpinepowerlinks,1
Alrtcoins,1
Altcoin,1
ALTEREGO,1
altering,1
alternativeenergy,1
alternativefacts,1
altruism,1
alzheimers,1
Alzheimers,1
amazonGO,1
Amazonrecomendations,1
AmazonWebServices,1
Ambrogio,1
AMD,1
Amelia,1
AmerSports,1
amore,1
AMPRobotics,1
Amstredam,1
An,1
ANAActivation,1
Anainoa,1
Analtics,1
Analyics,1
analyitics,1
analyticsjobs,1
analyticsplatform,1
AnalyticsTranslator,1
AnalyticsX,1
Analytikus,1
Analytique,1
ancientrome,1
andrea,1
AndreFlotron,1
AndrewNg,1
androidappdevelopment,1
androidapps,1
AndroidDev,1
Androidgames,1
AndrzejPacek,1
angelinvesting,1
AniBot,1
animacija,1
Animals,1
anime,1
anki,1
ANON,1
antgrasso,1
anthillinside,1
anthillinside2018,1
antiaging,1
antibiotics,1
AnticipatoryIntelligence,1
Antikythera,1
AntiMoneyLaundering,1
AntWorks,1
Anydevice,1
Anytime,1
Anywhere,1
APAC,1
ApacheKafka,1
ApacheZeppelin,1
api,1
APIeconomy,1
APM,1
APP,1
appdesign,1
apple,1
appletips,1
ApplicationDevelopment,1
appliedethics,1
appliedintelligence,1
appliedmathematics,1
Applitools,1
appreview,1
AppsVocales,1
april18th,1
arbeitsplatz,1
ArcGIS,1
Architect,1
ArchSummit,1
ARG,1
Aristanetworks,1
ARM,1
army,1
ArnoldSchwarzenegger,1
ARS,1
artcontemporain,1
arte,1
Artelligence,1
artgallery,1
Arthritis,1
articles,1
Articles,1
artificailIntelligence,1
artificalintelligence,1
ARTIFICIAL,1
ArtificialEmbryos,1
ArtificialFear,1
artificialgeneralintelligence,1
ArtificialGeneralIntelligence,1
Artificialintellegence,1
ArtificialIntelligen,1
ARTIFICIALINTELLIGENCE,1
ArtificialIntelligenge,1
ArtificiallyIntelligent,1
ArtificialSuitable,1
Artiqox,1
Artisense,1
artists,1
artiticialintelligence,1
ArturThielmann,1
ArwidssonTalks,1
AS18,1
ASAR,1
AsianInvestmentsummit,1
asiavccast,1
askamzur,1
askAthling,1
AskOurAIExperts,1
askPiB,1
AsliBikinTenang,1
AspNetCore,1
ASRS,1
Assad,1
Asseco,1
AssecoInternational,1
assetcollection,1
assistance,1
Assistant,1
AssistantsVocaux,1
AssistantVocal,1
assistivetechnology,1
Assurance,1
ASUGSV218,1
ATARC,1
Atari,1
atencionalcliente,1
Atende,1
atguitars,1
athiest,1
AtlanTec,1
atlassian,1
AtlasTrend,1
ATM,1
ATMDubai,1
AtrialFibrillation,1
attemployee,1
attorneys,1
attractions,1
attractionsnews,1
AUC,1
audi,1
aufbruch,1
augmented,1
AugmentedIntelligence,1
Augmentedreality,1
ausbiz,1
Ausbiz,1
AusEdu,1
auspol,1
aussieED,1
authors,1
autism,1
Auto,1
autoencoder,1
autoenthusiast,1
AutoFinance,1
automaatio,1
AutoMarketing,1
AutomationTesting,1
Automatizace,1
automobile,1
Automobiles,1
automotiveassistant,1
autonews,1
autonomesfahren,1
autonomouscar,1
Autonomouscloud,1
autonomouscommerce,1
autonomousdrones,1
AutonomousFinCrime,1
AutonomousIntelligence,1
autonomousvehicle,1
AutonomousVehicle,1
AutonomyHub,1
AutoResponder,1
AutoRetail,1
autoreview,1
avenir,1
AVEVAWorld,1
aviationsaturation,1
awards,1
awareness,1
aws,1
awtomeiddio,1
AXA,1
axiosam,1
AzureBlockchain,1
AzureGov,1
azureml,1
AzureSphere,1
azuresqldatawarehouse,1
b2bmarketing,1
B2BMarketing,1
b2c,1
b3d,1
BackEnd,1
backpressure,1
BackToBasics,1
ball,1
ballislife,1
ballyconvalley,1
Baltic,1
BALTIC,1
BalticFund,1
Baluchestan,1
Bangkok,1
Banken,1
bankers,1
bankinginnovation,1
BankingSector,1
bankingtech,1
Bankorus,1
Banque,1
barackobama,1
Barbara_Bush,1
barcelona,1
BarmecideFeast,1
barndooropentoolong,1
BasavaJayanti,1
base10,1
BasesAméricaines,1
bash,1
basicincome,1
Batman,1
battle,1
battlerope,1
BATX,1
baúdatrip,1
Bayer,1
Bay人工知能,1
bb247,1
bbb18,1
bbcnews,1
bboymen,1
BBVAOpenTalks,1
BC,1
BCBB18,1
BCH,1
BCI,1
BCTech,1
bdd18,1
bdigital,1
be,1
beauty,1
behavior,1
Behavior,1
BehavioralSciences,1
behealth,1
BehindTheScenes,1
BEIJING,1
believenothing,1
Bengaluru,1
bengio,1
bengoertzel,1
benurse,1
berlin,1
Berlin,1
bermudatriangle,1
Bern,1
besserso,1
best,1
Best,1
bestever,1
BestInSaaS,1
BestOfBothWorlds,1
BeTheBoss,1
bethereum,1
bettercapitalism,1
BetterFuture,1
BetterLife,1
Beverage,1
BGLREGTECH,1
BharatAneNenu,1
bharath369,1
BHATOT,1
BHV,1
BIAi,1
Bias,1
bicycles,1
BIEN,1
bifex2018,1
BigDAta,1
BIGDATA,1
BigData2018,1
bigdatahush,1
BigDataResearch,1
bigdate,1
biglaw,1
Bigsports,1
BIIntelligence,1
bikeshare,1
bikesharing,1
Billboard,1
BillGates,1
BillOfRights,1
BIMarabia,1
Bing,1
biobotguard,1
bioengineering,1
bioethics,1
BioImaging,1
biometric,1
BioMetrics,1
BiometricVoice,1
BionicArm,1
bionics,1
Biosensor,1
bioTech,1
BioTech,1
biotechnology,1
BioWenesday,1
bipolar,1
Bismart,1
BIsoftware,1
BITCOIN,1
bitcoincash,1
bitlaw,1
bitou,1
bittrex,1
biuro,1
biuroprzyszłości,1
BizHour,1
bizpressoffice,1
blackAtlantic,1
blackcoders,1
blackfutures,1
blackhat,1
blacktech,1
blacktechnology,1
Blessed,1
blindness,1
blockchaincommunity,1
BlockchainExpo,1
blockchaininhealth,1
blockchains,1
blockchaintechnology,1
BlockchainTechnology,1
bloggingtips,1
blogpaleos,1
blogs,1
BlogTime,1
Bloomberg,1
BLR,1
BMD,1
BMWs,1
BNR,1
BoardMatters,1
Boardroom,1
bogdata,1
boise,1
bonds,1
bonus,1
BOOKBOOST,1
bookoftheday,1
booth,1
BoozAllen,1
BoozDataScience,1
border,1
Bosch,1
boston,1
BostonTechCorp,1
botlove,1
BOTS,1
bottlenecks,1
boundaries,1
Bounty,1
BoycottUniversity,1
bpmnext,1
bpmNEXT,1
BPO,1
brain,1
Brain,1
brainet,1
brainimplant,1
brains,1
BrainTechAI,1
brainwifi,1
brandchats,1
brandsaid,1
Brazil,1
breach,1
Bread,1
breaking,1
BreakingNews,1
breakthecycle,1
breaktheinternet,1
Breakthrough,1
BRIDGEi2i,1
Brightlands,1
BrightonSEO,1
Brilliant,1
BRISE,1
Bristol,1
Britain,1
Brits,1
Broadcast,1
brookei,1
Brussel,1
BSE,1
bts,1
btsgodigital,1
Budgeting,1
Build,1
buildinganewkindabank,1
buildingautomation,1
buildings,1
built,1
builttech,1
BuiltTech,1
Bulgaria,1
bureaucracy,1
BurningGlass,1
bush,1
BUSINESS,1
businessadvantage,1
BusinessAnalyst,1
BusinessDaily,1
businessdevelopment,1
BusinessEcosystem,1
BusinessExperience,1
businessinnovation,1
businessisgreat,1
BusinessLeaders,1
businessnews,1
BusinessProcessManagement,1
BusinessShow,1
businesssuccess,1
BusinessTips,1
BusinessTransformation,1
businessYXE,1
Bussiness,1
Busyday,1
Buzzfeed,1
BuzzFeed,1
buzzwords,1
by,1
byton,1
bytonconcept,1
c,1
C,1
C2,1
c4d,1
CabinetsdeRecrutement,1
Caffe,1
CALGARY,1
California,1
calisthenics,1
Callcenters,1
CallForContent,1
cámara,1
Cambridge,1
Camera,1
cameras,1
CANADA,1
CanadianManufacturing,1
CanadianRetailer,1
câncer,1
CancerAwareness,1
cancerCure,1
cancerdetection,1
CancerTreatment,1
candidate,1
Candidateexperience,1
candidats,1
CannabisRevolution,1
cap,1
capability,1
capacity,1
CapgeminiAI,1
capitalriesgo,1
carders,1
cardiaque,1
cardiologues,1
cardiology,1
cardiotwitter,1
cardiovascular,1
Care,1
careeradvice,1
careerdevelopment,1
careerpaths,1
CareersinTech,1
carenthusiast,1
carjunkie,1
cars,1
cartoon,1
cartoonnetwork,1
Casablanca,1
casestudy,1
CaseWare,1
cashcrunch,1
cashierless,1
CashlessEconomy,1
CashManagement,1
Casky,1
CasparTechnologies,1
cataracts,1
categorization,1
cave,1
CB,1
cba,1
CCB,1
CCIA18,1
CCNA,1
CCTR,1
CCTV,1
CDS,1
CEBIT2018,1
celebration,1
celestialintellect,1
CeMAT,1
CENNZ,1
center,1
CernerHIE,1
certification,1
cex,1
CFP,1
CFTC,1
cgi,1
CGit_ab,1
chAI,1
chain,1
Chainer,1
Challenge,1
chance,1
ChangeAgents,1
changemakers,1
ChangeTheChannel,1
changetheworld,1
ChangeTheWorld,1
changingWorld,1
Changsha,1
channel,1
Channel,1
ChannelPartner,1
ChannelPartners,1
ChannelSales,1
chaostheory,1
ChargingConversations,1
charity,1
ChasseursdeTête,1
chatbox,1
ChatBox,1
cheatsheets,1
checkthecode,1
chefwatson,1
ChemicalSafety,1
chemiereport,1
cheques,1
chess,1
chiba,1
chicago,1
Chicago,1
Chicagosports,1
ChiefAIOfficer,1
Chien,1
childrights,1
ChildTrafficking,1
CHINA,1
ChinaTech,1
chips,1
CHOGM2018,1
Cholewa,1
Choosing,1
christian,1
ChristineBoursin,1
cia,1
Cibersecurity,1
CICC,1
cim,1
cinema4d,1
cinema4D,1
circulareconomy,1
circularEconomy,1
ciscopcw,1
CISOs,1
citations,1
CitizenTechnology,1
city,1
CivSocDays,1
cKYC,1
claims,1
Clara,1
CleanEnergy,1
clear25th,1
CleverNelly,1
ClickandCollect,1
climate,1
ClimateSciences,1
clinicaltrial,1
clinicaltrials,1
Clinicians,1
Clinton,1
ClockHeartLife,1
CloudAI,1
Cloudcomputing,1
CloudComputingTrends,1
CloudData,1
cloudmusing,1
CloudNewsInc,1
cloudprivate,1
cloudsecurity,1
cloudservice,1
CloudServices,1
CloudSolutions,1
CloudStorage,1
CloudTechnologies,1
CloudTechnology,1
CLP,1
CME,1
CMOs,1
CMS,1
cnilux,1
CNTK,1
Coach,1
Coaching,1
coal,1
Cocreation,1
CODE_nOnTour,1
code2changeworld,1
codenewbie,1
coderkick,1
codestrek,1
CodingHasAPlace,1
CoE,1
coffee,1
Coffee,1
Cog,1
Cogito,1
cognified,1
cognition,1
Cognitivecomputing,1
CognitiveControl,1
CognitiveDissonance,1
CognitiveMarketing,1
CognitiveTech,1
Cognizant,1
coinbase,1
CoinMining,1
Coke,1
ColdWar,1
collaborate,1
CollaborationModels,1
collaborative,1
CollabSummit,1
collect,1
collectiveintelligence,1
CollectiveIntelligence,1
colocation,1
color,1
Colorado,1
coloradopotatobeatles,1
coloringlanes,1
Columbia,1
ComeyInterview,1
comic,1
Comic,1
commencementofwork,1
comments,1
commercial,1
commerciali,1
comms,1
Comms,1
Communication,1
communications,1
CompanyScoring,1
Compassion,1
competitiveintelligence,1
Compilation,1
composers,1
ComputationalPropaganda,1
ComputationalThinking,1
Compute,1
Computer,1
computergeek,1
computerGraphics,1
computerprogramming,1
Computers,1
computerScience,1
computerspeed,1
Computing,1
computingpower,1
computingspeed,1
conceptsuv,1
concierge,1
ConductiveClothing,1
Conference,1
conferences,1
Conferences,1
Confrence,1
CongresoFuturo2018,1
Congress,1
conhIT,1
conhit18,1
connected,1
connectedcar,1
ConnectedDevices,1
ConnectedEnterprise,1
connectedhome,1
connecting,1
ConnectingWithNow,1
connexionLA,1
conocimiento,1
consent,1
Consequences,1
conservation,1
consommateur,1
Conspiracy,1
consultancy,1
consultation,1
consultingtips,1
Consumer,1
consumerelectronics,1
ConsumerGoods,1
Consumption,1
contactcentre,1
container,1
contemporaryart,1
contentcreation,1
contentcreators,1
ContentManagement,1
ContentStrategy,1
Contest,1
ContextualComms,1
ContextualLearning,1
ContinuousDelivery,1
contract,1
contractanalysis,1
contractlogistics,1
contractmanagement,1
contractor,1
Contrarian,1
Contributors,1
control,1
ControlFreshFood,1
convenience,1
convergence,1
conversation,1
conversationalAI,1
ConversationalCommerce,1
Conversion,1
cooperation,1
Copenhagen,1
CopyrightOwnership,1
copyrightreform,1
coreldraw,1
CoreML,1
Coreso,1
corpgov,1
CorporateBanking,1
corporatecounsel,1
corporates,1
Corporations,1
corrections,1
Corrupt,1
corsair,1
cortana,1
Cortona,1
Cost,1
CostEffectiveSolutions,1
costs,1
CostSavings,1
cots,1
countries,1
coursera,1
courses,1
coworking,1
CPD,1
cpexpo,1
CPexpo,1
cplex,1
CPO,1
CPOinspired,1
CQ出版社,1
Crazy,1
crazyshit,1
creatingfans,1
creation,1
creativecoding,1
creativeenergy,1
creativeindustries,1
Creativity,1
creativo,1
creators,1
CreditIUnions,1
creditscoring,1
CreditScoring,1
creepy,1
CrescendoGlobal,1
CrescendoGlobalGurgaonJobs,1
CrescendoGlobalJavaDeveloperJobs,1
CrescendoGlobalJobs,1
CRETech,1
creval,1
Crewlife,1
CRIAQ,1
crime,1
crisis,1
criticaldesign,1
CriticalFuture,1
crm,1
CRO,1
Croatia,1
CropX,1
CrowdFunding,1
Crowdsale,1
crowdsourced,1
cryonics,1
Cryptics,1
cryptocarnage,1
cryptocurrencyexchange,1
cryptocurrencymarket,1
cryptoeconomics,1
cryptoexchange,1
cryptofuture,1
CryptoHealthcare,1
cryptoinvesting,1
cryptokitties,1
cryptominingfarm,1
cryptomjning,1
cryptos,1
cryptosavings,1
Cryptotwitter,1
crytponews,1
CS,1
CSGO,1
CSL,1
CSOs,1
CSS,1
css3,1
csuite,1
Csuite,1
CTAC2018,1
CTgoodjobs,1
CUBETechFair,1
cult,1
cultura,1
culturaAnalitica,1
curation,1
CustExp,1
CustomerAnalytics,1
customerengagement,1
customerexperiencemarketing,1
CustomerExperiences,1
customerfeedback,1
CustomerFocus,1
CustomerIntelligence,1
customerjourney,1
Customerjourney,1
customerjourneys,1
Customers,1
customersupport,1
customservice,1
Cuts,1
CVPR,1
CWSSummit,1
CxO,1
CxOs,1
CXOtalk,1
cy,1
Cyberaware,1
Cybercrime,1
CyberCrime,1
cyberdefense,1
cybernetic,1
cybernews,1
CyberResilence,1
CyberResilience,1
CyberRisk,1
cyberscurity,1
cybersec,1
cybersecure,1
cybersecurite,1
cyberspace,1
cyberthreat,1
CyberThreat,1
CyberWarfare,1
Cyberwarning,1
cyborgs,1
cycle,1
cycling,1
CyngentaApp,1
cyprus,1
Cyprus,1
D_Funda,1
DAAToronto,1
dabblelab,1
dailybreaddd,1
dailyideas,1
dailynews,1
DailyNews,1
dajjal,1
DaletPulse,1
DaletTeam,1
Dallas,1
Damages,1
Dancehall,1
danielsong,1
DanielSong,1
Danish,1
DariuszKacprzyk,1
dash,1
DATA,1
data4good,1
Data4Good,1
dataanalysis,1
DataBiases,1
DataBreach,1
databreaches,1
DataBreaches,1
Datacenter,1
DataCentre,1
datacollection,1
datacommunication,1
dataconnectivity,1
DataDemocratization,1
datadiscovery,1
dataeconomy,1
DataEthics,1
DataFest18,1
DataFestival2018,1
dataflows,1
datafluency,1
datagovernance,1
dataheavy,1
DataIntegration,1
DataLaw,1
dataliteracy,1
DataLiteracy,1
datamanagement,1
DataOps,1
dataottam,1
datap,1
dataPoints,1
Dataprivacy,1
dataprocessing,1
DataResources,1
dataScience,1
DataScience_blogs,1
DataScienceFest,1
DataScienceWeekend,1
Datasciene,1
Datascientist,1
DataSearch,1
datasec,1
datasecurity,1
DataSets,1
datastorage,1
datastorytelling,1
DataSummit18,1
DataVirtualization,1
datavisualization,1
Datavisualization,1
DataViz,1
Datenschutz,1
Davos,1
day54,1
Daytrading,1
Db2,1
Dbase,1
Dbrain,1
dbschenker,1
dcpweb,1
DCtech,1
DCTech,1
DD24,1
DDIGO,1
de,1
DeadStream,1
Deaps,1
death,1
debit,1
debug,1
decarbonisation,1
Decentralization,1
decentralizedAI,1
Decision,1
decisionoptimization,1
decisions,1
Dee,1
deep,1
DeepBlue,1
DeepBrainChain,1
Deepfake,1
DeepL,1
deepleaning,1
deeplearniNgAI,1
Deepmind,1
DeepThoughtsFromThe80s,1
Defence,1
DeleteFacebookNow,1
delilah,1
DELIVERY,1
DellEMC,1
dellemclimerick,1
Deloittepredicts,1
DeloitteReview,1
democratic,1
democration,1
democratized,1
democrats,1
demodate,1
DemonSeed,1
Denave,1
Denmark,1
DepressionIsReal,1
DES2018,1
DesicionMaking,1
DesignChallenge2018,1
DesignforLife,1
designgraphic,1
desktopsearch,1
detecon,1
Detect,1
Develo,1
develop,1
developed,1
Developers,1
développeurs,1
devices,1
devolab,1
DevoxxFR,1
devs,1
DeWarande,1
DGU18,1
DGX,1
DHLInnovation,1
DHLTechnology,1
diabetic,1
diagnostics,1
dialogflow,1
DialogFlow,1
diaspora,1
dibujar,1
dibujo,1
Diess,1
Diffusion,1
digileaders,1
Digitaladvertising,1
digitaladvice,1
digitalart,1
DigitalArtist,1
DigitalAssetManagement,1
Digitalassistant,1
DigitalAssistant,1
DigitalAuthor,1
DigitalBankingTracker,1
digitalconsulting,1
digitalcontent,1
digitalcustomerexperience,1
DigitalDay,1
DigitalDay18,1
DigitalDayEU,1
DigitalDiplomacy,1
digitaldivide,1
DigitalerWandel,1
DigitalesLeben,1
digitaleTransformation,1
DigitaleTransformation,1
DigitalEU,1
DigitalExperience,1
DigitalEY,1
digitalfinance,1
DigitalFinance,1
digitalfueralle,1
digitalfuture,1
DigitalGov,1
digitalheallth,1
DIGITALHEALTH,1
digitalhmuanities,1
digitalhub,1
DigitalID,1
digitalidentity,1
Digitalin2018,1
digitalinclusion,1
digitalisaatio,1
DigitalIsTheFuture,1
Digitalmarkeing,1
digitalmedicine,1
DigitalNI,1
DigitalPathology,1
DigitalPlatforms,1
digitalreinvantion,1
DigitalSalesDay,1
digitalselling,1
DigitalSingleMarket,1
DigitalSkills,1
digitalSMSF,1
DigitalSMSF,1
DigitalStrategy,1
DigitalSummit2018,1
digitaltraffic,1
DigitalTransformatio,1
digitalTransformation,1
Digitaltransformation,1
DigitalTrends,1
DigitalTrust,1
digitaltwin,1
DigitalTwin,1
DigitalTwins,1
Digitronica,1
DigSal,1
Digtialisierung,1
digtialtrends,1
Director,1
diritto,1
disappointed,1
disclosure,1
disconnection,1
discover,1
discrimination,1
Disease,1
diseñografico,1
Disinformation,1
disparateimpact,1
disrupt,1
Disrupt,1
Disruptive,1
disruptivetech,1
DisruptiveTech,1
disruptivetechnolgy,1
DisruptiveTechnology,1
disruptorbedisrupted,1
disruptsmaller,1
Distribution,1
DistributionCenters,1
distruptivetechnology,1
diverse,1
Diversity,1
DiversityAndInclusion,1
diversitymatters,1
django,1
dkbiz,1
DMM,1
dna,1
DNNs,1
dobetter,1
docenten,1
Doctors,1
Documentaries,1
DoD,1
DOD,1
dog,1
Dogs,1
doingRight,1
DOInnovate,1
dokter,1
dominance,1
DonaldTrump,1
Doom,1
doortodoor,1
dotinus,1
dotNET,1
Dotnet,1
DOVU,1
download,1
doyoutrustthiscomputer,1
dpc,1
dragons,1
draw,1
DreamBig,1
DREAMRewards,1
DREAMToken,1
DREAMTokensale,1
DREAMTokenSale,1
DrEd,1
dress,1
DRH,1
Driftbot,1
drive,1
driverlesscar,1
DriverlessCar,1
driving,1
DRL,1
dronephotography,1
dronesafe,1
dronesafety,1
droni,1
Drug,1
drummer,1
DSNScience,1
DSP2,1
DSW,1
dt,1
DTA,1
dteliza,1
DTES,1
DTx,1
dualcamera,1
Dubai10x,1
DublinHour,1
DublinTechSummit,1
duediligence,1
dunes,1
durham,1
dusruption,1
Dutch,1
DWX18,1
DWX2018,1
dx,1
Dx,1
DXM,1
DXP,1
DynamicalSystems,1
Dynamics,1
dynamics365,1
dystopia,1
dystopian,1
DYW,1
é,1
earbuds,1
earlybird,1
earnings,1
eatsleeprepeat,1
ebay,1
EBC,1
EBM,1
EBTC,1
Echo,1
ECHO,1
Echos,1
eclinical,1
EcoConnectLive,1
ecology,1
economicdevelopment,1
economicspodcast,1
EcosystemBuilding,1
ecourt,1
eCRM,1
edatap,1
edboot,1
EDCs,1
eddictionbiz,1
EdgeAnalytics,1
Edinburgh,1
eDiscovery,1
Edits,1
edTech,1
EdTechBridge,1
Educación,1
Educate,1
EducationFirst,1
EducationForAll,1
educationindustry,1
EducationMatters,1
EducationTechnology,1
Edutainment,1
EDW2018,1
EdwardBernays,1
EENA2018,1
EESC,1
effectief,1
effective,1
Efisco,1
eğitim,1
EHealth,1
EHR,1
EHW2018,1
EI,1
EIEIO,1
EIM,1
ekosysteemi,1
elderly,1
Elections2018,1
electric,1
electriccar,1
ElectricCar,1
electricvehicle,1
Electronics,1
element14community,1
elerning,1
Elevate,1
elevator,1
Eleven,1
eligma,1
elmedicoapalo,1
elonmusk,1
elonMusk,1
email,1
EmailMar,1
EmailMarketi,1
Emailmarketing,1
embedded,1
EmbeddedIntelligence,1
EmbeddedMachineLearning,1
embraco,1
emeastafrica,1
emergent,1
emerging,1
emergingtechnology,1
emesic,1
EMKTP2018,1
EML,1
emobility,1
eMobility,1
emoji,1
emol,1
emoties,1
EmotionalExperience,1
EmotionalIntelligence,1
emotions,1
empathie,1
Empathy,1
Emplois,1
employability,1
employee,1
employeeengagement,1
employeeEngagement,1
Employeeexperience,1
employeengagement,1
EmployeeTraining,1
Employment,1
EMS,1
EMS2018,1
EmTech,1
EmTechMIT,1
EnceinteIntelligente,1
encryption,1
EncuentroCEDOL,1
EndCorruption,1
endoftheworldtweet,1
energyefficiency,1
EnergyManagement,1
EnergyStorage,1
energysupply,1
energytrading,1
energytransition,1
EngEthics2018,1
Engine,1
ensw,1
entercon,1
Enterprisebots,1
Enterprises,1
enterprisetech,1
entertaining,1
Entertainment,1
EnTête,1
Entreprenuer,1
EntropyToken,1
ENTRP,1
EntytleInsyghts,1
EOSC18,1
epistemoLOGIA,1
Epistemological,1
EPS,1
Equality,1
Equine,1
Equity,1
erc20,1
eRetail,1
ericsson,1
EriZone,1
erm,1
erotica,1
Error,1
ES_F,1
esante,1
ESCconf,1
esg,1
ESIC,1
esignatures,1
esloqHay,1
ESN,1
esports,1
essential8,1
Estadisticas,1
EstrategiaDigital,1
ETFs,1
Etherium,1
ethicalai,1
EthicalAI,1
ethicsinAI,1
EthicsInAI,1
ethische,1
ETI,1
ETL,1
ETN,1
EUDataP,1
Euro,1
EurochildGA,1
europe,1
euvzla,1
evaluationprogram,1
EValue,1
eventprofs,1
events,1
eventtech,1
Eventtech,1
Eventum,1
evergreen,1
every,1
everyday,1
EverythingP3,1
evidence,1
EvilIntelligence,1
evolution,1
Evolution,1
exam,1
Excel,1
Exchange,1
exchangers,1
exciting,1
Exec,1
executive,1
Executive,1
ExecutiveCoaching,1
Executives,1
Exercising,1
Exhibition,1
expanse,1
expatideas,1
Experian,1
experienceclient,1
experimental,1
expertenfrühstück,1
expertise,1
explainability,1
explainable,1
exponential,1
Express,1
expressfrontpage,1
expresshealthcare,1
exselo,1
exselodesktop,1
eyedisease,1
eyeTracking,1
f18,1
FabLabs,1
FACagripreneurs,1
facebookdatabreach,1
FacebookDataBreach,1
FacebookDataLeaks,1
facebookdevelopers,1
FacebookWouldBeBetterIf,1
FaceDetection,1
faceid,1
facerecognition,1
FaceSwapping,1
FacialAnalysis,1
FacialRecogniton,1
fact,1
Fact,1
Factory,1
facts,1
factTBC,1
fail,1
Fail,1
fairytale,1
faith,1
Fake,1
fakeaccounts,1
fakeeverything,1
fakeorreal,1
fakescience,1
fakevideo,1
fakeVideo,1
FakeVideo,1
FakeVideos,1
falconbreeding,1
falconry,1
FanEngagement,1
fans,1
Fantastec,1
fantasy,1
FarCry5,1
fashiontech,1
FashTech,1
FastandFurious,1
fastlearning,1
fastpaced,1
FAT,1
fatml,1
FCA,1
FDA,1
fé,1
fedventure,1
feedback,1
Feedback,1
fees,1
FemaleFounders,1
feminism,1
femme,1
FemmesEnSTGM,1
FESR,1
ff,1
FF,1
FfDL,1
fff,1
FI,1
fiasco,1
Fiction,1
fieldops,1
FieldService,1
FiestaSA,1
fighter,1
fighting,1
fightmalaria,1
Filho,1
FilmStruck4,1
financeassistant,1
FinancialCrime,1
financialinclusion,1
FinancialInclusion,1
FinancialLiteracy,1
FinancialResults,1
Financialservices,1
Finanzdienstleistung,1
Finanzplatz,1
FinCrime,1
find_amelia,1
finfinity,1
finfit,1
finktank,1
finlit,1
FINTECH,1
fintechjobs,1
firetv,1
fireTVedition,1
FirstMover,1
fish,1
fitctoronto,1
FitnessGoals,1
fiware,1
FixedOps,1
flat,1
flaws,1
Flipgridfever,1
flu,1
FM,1
FogComputing,1
folloback,1
follow,1
followforfollow,1
followme,1
Food,1
foodforthought,1
foodtech,1
football,1
foreignaffairs,1
ForeignPolicy,1
foresight,1
FOREX,1
forexsignals,1
forextrader,1
forextraders,1
forextrading,1
formateur,1
formation,1
formpro,1
Forschung,1
forskning,1
Forum,1
forumki18,1
Founder,1
founders,1
Founders,1
FoW,1
fpb,1
Framework,1
france,1
Francia,1
FraudDetection,1
freeCodeCamp,1
freedom,1
Freedom,1
FreedomofExpression,1
freegeekchicago,1
freelance,1
Freight,1
FrenchTech,1
frhappy,1
friend,1
frizemedia,1
FromtheEdgePodcast,1
frontend,1
ftaerospace,1
fugitives,1
Fullstacker,1
fulltime,1
Fun,1
funatwork,1
functional,1
functionalprogramming,1
FunctionL1VE,1
fund,1
fundraise,1
Fundraising,1
fundtech,1
funny,1
funrobotics,1
FUORISALONE,1
FuoriSalone2018,1
Futur,1
futurebiz,1
futurecity,1
FutureFestFwd,1
FutureIsFearless,1
FUTUREISNOW,1
futuremobility,1
futurenow,1
FutureofAI,1
futureofbusiness,1
FutureOfCities,1
futureofdata,1
Futureofeducation,1
FutureOfEntertainment,1
FutureofHR,1
futureofjobs,1
FutureofMobility,1
futureofretail,1
FutureOfRetail,1
FutureOfSkills,1
FutureOfThings,1
FutureofTransportation,1
futureoftravel,1
FuturePMO,1
futureproof,1
FutureProvesPast,1
FutureSmart,1
FuturesWales,1
FutureTechPharma,1
futurework,1
FutureWorld,1
Futurism,1
futurist,1
futurology,1
Futurology,1
fx,1
fxsignals,1
FYI,1
GABC2018,1
gacco,1
gadgets,1
Gadgets,1
GAFAM,1
GAFAMfree,1
Gaist,1
gamaya,1
Gambling,1
gamechanger,1
GameChanger,1
gamedesign,1
GameDesign,1
gamemaker,1
gamer,1
gamercommunity,1
gamers,1
gamification,1
Gamification,1
GammaKnife,1
Gap,1
GartnerIO,1
GartnerSYM,1
gb704,1
GB704,1
GBDBC,1
GBDC,1
GBTAToronto18,1
gcp,1
GEC2018IST,1
GEIntelligence,1
genderequity,1
gendergap,1
GenderInequality,1
GenderPayGap,1
generalAI,1
GeneralAi,1
generalcounsel,1
generationX,1
Genes,1
GeneTherapy,1
genetic,1
GeneticProgramming,1
genetics,1
Geneva,1
geniuses,1
genomic,1
GenZ,1
geo,1
geofencing,1
geohazard,1
geopolitics,1
geospatial,1
germs,1
Gesichtserkennung,1
GESLondon,1
GestureRecognition,1
Gestures,1
GETGREAT,1
GettyImages,1
gezondheidszorg,1
ghostinthemachine,1
GHSU,1
GI,1
gids18,1
GigEconomy,1
GIGeconomy,1
gigs,1
giornalismo,1
girall,1
girls,1
GirlsInSTEM,1
git,1
Git,1
GITEX,1
Gitex2018,1
GitHub,1
Glasfaserkabel,1
glaucoma,1
Global,1
GlobalData,1
globalgoals,1
GlobalGrowth,1
globalhealth,1
Globalization,1
GlobalLogistics,1
globaltelecoms,1
Gluon,1
gmo,1
Go,1
God,1
godigital,1
GOFAI,1
Golang,1
Golden,1
GoldenHour,1
GOLF,1
GoodLuckWithThat,1
goodreads,1
Goodreads,1
goodstoperson,1
googleai,1
GoogleAI,1
GoogleAPI,1
GoogleBooks,1
GoogleCEO,1
GoogleDevelopers,1
GoogleDIYAI,1
googlehome,1
googlenow,1
GoogleTranslate,1
Google翻訳,1
goshbuzz,1
gostoso,1
Got_It_PhotoStudy,1
Gov,1
Government,1
GovTech,1
gps,1
gpueater,1
gradient,1
grafico,1
GraphDB,1
Graphrocker,1
grattonboy,1
grattongirl,1
GreatAwakening,1
greatrecruiters,1
GreatWales,1
greece,1
Greece,1
GREX18,1
GridInfocom,1
grievances,1
Groceries,1
grocery,1
GroundhogDay,1
Growthhack,1
GrowToTheEdge,1
growyourbusiness,1
growyourown,1
grs,1
gta,1
GTC2018,1
gtlive,1
guaranteedemployeeknowledgeretention,1
Guerre,1
GuerreFroide,1
guest,1
guests,1
guide,1
Gurgaon,1
gym,1
H2020,1
Hackathon,1
hackathon2018,1
Hackathons,1
hackaton,1
hacker,1
hackers,1
Hacks,1
hadoop,1
haiku,1
HAL,1
halifax,1
Halo,1
HannoverMesse,1
HansonRobotics,1
happening,1
haptics,1
HarlowOnHC,1
HarriValpola,1
HarvardBizReview,1
HarvardBusinessReview,1
Hashgraph,1
Hashtag10,1
HBPYRE18,1
HBR,1
HBS,1
HCLDR,1
HCMCloud,1
hcmktg,1
hcsmeufr,1
HeadHunting,1
healt,1
Healtac2018,1
Health4All,1
healthanalytics,1
healthandsafety,1
healthandwellness,1
healthcareconsumerism,1
HealthCareSector,1
HealthData,1
healthdatascience,1
healthequity,1
healthiness,1
Healthinnovations,1
healthnews,1
healthtechnology,1
healthy,1
HealthyLife,1
hearables,1
hearing,1
HearstFashionHack,1
Hedgefunds,1
HedgeFunds,1
Heerlen,1
HelloDubaiMeetAI,1
help,1
Help,1
Helpdesk,1
helsinki,1
Helsinki,1
HEPIC,1
her,1
HeroConf,1
Herzblatt,1
heyVCM,1
hft,1
HFT,1
HigherEducation,1
HighPerformance,1
HighVoltageInternet,1
Highways,1
hiit,1
hillcrest,1
HIMSS18,1
hindu,1
Hip,1
HireToWin,1
HiringNow,1
history,1
HIT,1
hitech,1
hitechgrounds,1
HITsm,1
HIvsAI,1
HKEX,1
hm18,1
HM2018,1
HMI,1
HODL,1
holistic,1
Holly,1
Hollywood,1
hologram,1
Hologram,1
home,1
HomeKit,1
homelessness,1
HomePodGiveaway,1
HOMER,1
Homodeus,1
Hooikoorts,1
hoop,1
hoops,1
hopital,1
horseFace,1
HORSES,1
hostelco,1
hostelco2018,1
hotel,1
Hotel,1
hoteles,1
hotelesbarcelona,1
hotellerie,1
hotelmarketing,1
Hotels,1
hoteltech,1
hotspots,1
howto,1
HoyesMarketing,1
hpc,1
HPENAChannel,1
HPEPointnext,1
hpevolution,1
HPEvolution,1
HREvolution,1
HRM,1
HRO,1
HRPros,1
HRs,1
HRstrategy,1
hrstudents,1
HRtransformation,1
hrtrends,1
HS,1
HTTP,1
HuddleKerala,1
huddlerooms,1
humanbias,1
HumanInsight,1
humanresource,1
HumanResourcesDirector,1
Humor,1
humpday,1
Hunan,1
husband,1
hvac,1
hvn,1
HybridCloud,1
hybridWAN,1
hype,1
Hyperledger,1
HyperSonique,1
Hyperspectral,1
Iagon,1
IagonICO,1
iam,1
iam1562,1
iapp,1
ibm4ins,1
ibmcloud,1
IBMFieldNotes,1
IBMGovReinvent,1
ibmml,1
IBMThink,1
ibmwatson,1
IBMだ,1
IBVstudy,1
ICCV,1
ICICI,1
ICMIwebinar,1
iCoins,1
Icon,1
ICOToken,1
ict,1
ICT4SDG,1
icthealth,1
iCubesPro,1
ID,1
Idaho,1
IDCSACIO,1
idea,1
Ideacast,1
ideamensch,1
ideas,1
Ideator,1
identities,1
IDUG,1
IDUGDb2,1
ie,1
IE,1
IEEE,1
IESEG,1
IFGS18,1
IFTTT,1
igaming,1
igobit,1
igowsa,1
IHPMEResearchDay,1
ikb,1
Illuminate,1
ILLUMINATI,1
illusion,1
illustration,1
ilove,1
ilovehuawei,1
ilovepalindromes,1
ilustracion,1
Ilustración,1
IM,1
image,1
imagen,1
images,1
imaging3,1
ime,1
imec,1
IMF,1
IMFWorkflows,1
img,1
IMO,1
impact,1
ImpactUSA2018,1
imusicbuzz,1
in300sec,1
inbot,1
InboundMa,1
InboundMarketin,1
Incidentresponse,1
Inclusion,1
InclusionNumerique,1
InCodeWeTrust,1
IncredibleTrades,1
incubator,1
india,1
IndianStockMarket,1
indieartists,1
indiedevelopment,1
indiedevhour,1
indiegamedev,1
IndieGameDev,1
indiemusic,1
indigo,1
industria,1
industrial,1
industrialdatasummit,1
IndustrialRevolution,1
Industries,1
Industry,1
Industry4,1
Industry4point0,1
industryreport,1
infections,1
infectiousdiseases,1
Infervision,1
influencers,1
info,1
Infocalyps,1
infoerfa,1
infografia,1
INFOGRAPHICS,1
Infographie,1
infolit,1
infopros,1
InformationManagement,1
informationoverload,1
InformationSearch,1
infosecjobs,1
InfosysInsights,1
infotech,1
InfoVisionLabs,1
Infrastructure,1
INK,1
innovación,1
innovateiseasy,1
innovatethegov,1
innovatie,1
innovaties,1
InnovationDublin2018,1
InnovationHub,1
innovations,1
innovative,1
Innovative,1
InnovativeDisruption,1
innovator,1
innovators,1
Innovators,1
Innovazione,1
InPerspectiveVideo,1
Input,1
insidelisten,1
insight,1
Inspem,1
Inspiration,1
Inspire,1
inspiring,1
instagram,1
installedbase,1
InstantLending,1
Insuranc,1
InsureandInnovate,1
insuretech,1
Integration,1
integrity,1
intel,1
intelAI,1
INTELCON,1
inteligenciaArtificial,1
Intelligent,1
intelligentbots,1
IntelligentEngine,1
intelligentmobility,1
intelligentsoftware,1
Intelligenz,1
intelligenzaartificiale,1
intelnotdc,1
interactiondesign,1
interactions,1
interactiveentertainment,1
InteractiveEntertainment,1
interactivestory,1
Interactivestorytelling,1
interbot,1
interesting,1
Interface,1
interlocked,1
InternetdelasCosas,1
InternetOfEyes,1
InternetOfthings,1
INTERNETOFTHINGS,1
InternetOfValue,1
interpreters,1
intersection,1
interview,1
Interview,1
intonatie,1
intoolab,1
intralogistica4,1
intreleu,1
Intuitive,1
Intune,1
INV,1
Invention,1
InverseReinforcementLearning,1
InvestGlobally,1
investissement,1
investments,1
Investments,1
InvestNI,1
Investor,1
Investors,1
IoA,1
IoP,1
iosdev,1
iosdevelopment,1
IoTApplications,1
IoTCommunity,1
IoTdata,1
IoTracX,1
iotsecurity,1
IoTsecurity,1
IoTSlam,1
iottechexpo,1
IoTデバイス,1
ioxcable,1
IPAct,1
IPEXPOManchester,1
ipl2018,1
IPPB,1
IPs,1
iran,1
Ireland,1
iris,1
IrishBiz,1
irishfunds,1
IRL,1
iRobot,1
IRRODL,1
IRS,1
ISCWest,1
ISCWEST,1
ishmed,1
iso,1
iSpeakIMF,1
Israelienne,1
issue,1
Istanbul,1
ITAG,1
italiaonline,1
ITC,1
ITCompany,1
ITI2018,1
ITIL,1
ITIndustry,1
ITK,1
ITLeadership,1
ITPro,1
itrisk,1
itrtg,1
ITS,1
ITStrategy,1
ITsupport,1
ITTrends2018,1
ITUGSR,1
IVAs,1
IVR,1
IVS,1
IWD,1
iwork4dell,1
J2EE,1
JakubRomanowski,1
Jancerny,1
JanuaryChronicles,1
JAPAN,1
jarvis,1
Java10,1
jaywalking,1
jayway,1
JD,1
jdcom,1
jehovaswitness,1
jerusalem,1
JesusChristSuperstarLive,1
jet,1
jew,1
JFK100,1
JIN,1
JIT,1
JJP,1
JMOOC,1
Jobnet,1
jobsearch,1
jobseekers,1
jobsmarket,1
jobsoftomorrow,1
jobtitles,1
JoinTheTribe,1
JoinUs,1
Journile,1
Joy,1
JP8,1
JTBD,1
Julianbarbero,1
justanodageek,1
justusknigh,1
JustusKnight,1
Kacprzyk,1
kafka,1
Kaggle,1
KAI,1
kaifulee,1
KAIST,1
kambria,1
kansaiareamember,1
kantoareamember,1
KaraboMokoena,1
KC,1
KdanMobile,1
kdb,1
KeanuReeves,1
keinoäly,1
kennisdeling,1
Kenya,1
keplertek,1
kestäväkehitys,1
kettlebell,1
KevinJohnson,1
keynote,1
Keynote,1
keyrusrocks,1
kibernapadi,1
kibersigurnost,1
kickoff,1
Kids,1
kill,1
killerAI,1
KillerRobot,1
killerrobots,1
KimJongUn,1
Kit,1
klant,1
klantcentraal,1
klantcontact,1
klantemotie,1
Klassifai,1
KLC,1
KM,1
Knexus,1
know,1
Knowhere,1
knowhowsharing,1
knowledge,1
KnowledgeLens,1
kodamember,1
kodlama,1
komfortpracy,1
Konvergenz,1
koulumaailma,1
KPMG,1
kreativfrei,1
Kubernetes,1
kubrick,1
Kundenbedürfnisse,1
Kundendialog,1
Kundenservice,1
kunstigintelligens,1
künstlicheIntelligenz,1
Künstlicher,1
kunstmatigeintelligentie,1
kynberturvallisuus,1
L,1
l10n,1
LaboftheFuture,1
laboratory,1
laboratorybiology,1
labour,1
labourlaw,1
labscanadarocks,1
LAKings,1
LaLiga,1
lamot,1
langnet_io,1
LanguageAnalysis,1
LanguageLearning,1
LanguageProcessing,1
Languages,1
LAPO,1
lastsupper,1
LAT,1
latency,1
LatePayment,1
latest,1
LatestNews,1
latesttechnology,1
latina,1
LatinPlusTrader,1
latinShow,1
Latium,1
laugh,1
laughter,1
launchday,1
Laurisz,1
LawFirm,1
lawfirms,1
LawGeex,1
lawnews,1
lawpractice,1
lawstudents,1
lawsuit,1
lawtech,1
Lawtech,1
Lazarus,1
ldnews,1
Leader,1
Leaders,1
LeadershipIsAction,1
LeadGeneration,1
leadingdigital,1
leads,1
lean,1
Lean,1
LeanManufacturing,1
learncode,1
learninganalytics,1
LearningAndDevelopment,1
learningsimplify,1
LearnToCode,1
leeds,1
Leeds,1
LeedsDigi18,1
LeedsML,1
Leestip,1
legacy,1
legalAI,1
LegalAnalytics,1
LegalDesign,1
legalindustry,1
LegalIT,1
legalnews,1
LegalResearch,1
LegaNews,1
LEGO,1
leisure,1
Leisure,1
lenders,1
lending,1
Lenovo,1
lenovodatacenter,1
lenses,1
LesEchos,1
lesmethodes,1
Let,1
LethalWeapon,1
levittgroup,1
lexpressnews,1
liberal,1
liberalrobotics,1
LIBOR,1
library,1
libro,1
libros,1
licon18,1
LiDAR,1
Life,1
LifeAtRF,1
LifelongLearning,1
LifeLongLearning,1
Lifestyle,1
lilhead,1
lilmiquela,1
Linguistics,1
LinkedData,1
LinTReading,1
Liopa,1
listen,1
listenetwork,1
Litecoin,1
literacy,1
literature,1
littleyays,1
Live360,1
livechat,1
livecontent,1
LiveInThe21stCentury,1
lives,1
LiveWebinar,1
LivingSugarFree,1
LivingVR,1
LMIC,1
Lmktg,1
LMS,1
Localizaaa,1
location,1
log2018,1
logansquare,1
logic,1
logistic,1
logo,1
LolNews,1
LondonTech,1
loneliness,1
longreads,1
looktolisten,1
Lora,1
loveisGod,1
LoveMusic,1
Lowcode,1
Loyalty,1
loyaltyprogrammes,1
lrnchat,1
LRT,1
Lstm,1
LTCR,1
LTW,1
LU,1
luchtreiniger,1
luddites,1
LUIS,1
lularoe,1
lularoeconsultant,1
lularoefashion,1
lularoesolidsandstripes,1
Lunchbox,1
LunchtimeTalk,1
lungcancer,1
lungsafe,1
luxury,1
LX,1
LYM,1
M2L,1
m2m,1
m4pt5,1
Ma,1
Machin,1
machinehearing,1
machineintelligencegarage,1
MachineIntelligenceGarage,1
MachineL,1
machinelaerning,1
machinelanguage,1
MACHINELEARNING,1
Machinery,1
MachineTranslation,1
machinevision,1
machinglearning,1
macon,1
Macron,1
maculardegeneration,1
maddow,1
madrid,1
MAGA,1
magazines,1
magic,1
MagicInTheAir,1
Mahabharata,1
mailonline,1
Maintenance,1
MAISummit2018,1
MakeAmericaGreatAgain,1
MakeLearning,1
makemoney,1
makemyownlane,1
Makers,1
maket,1
makeyourownla,1
making,1
Making,1
MakingDataSimple,1
MakingDecisions,1
man,1
ManagedFunds,1
ManagedServices,1
ManagementEvents,1
manamiyuchannel,1
MancML,1
mangaart,1
ManningGlobal,1
Mantras,1
ManualTesting,1
manufacturers,1
MapGuide,1
maps,1
Maps,1
Marcon,1
margini,1
marialpineda,1
maritime,1
Maritime,1
maritimehistory,1
MariuszCholewa,1
MariuszLaurisz,1
Marke,1
markenting,1
marketeer,1
MarketeerLab,1
MarketingDigital,1
marketingsuccess,1
Marketingtrends,1
marketplacelending,1
marketresearch,1
Markets,1
marketsflow,1
marklogic,1
MarkZuckerberg,1
marriage,1
Marrying,1
mars,1
Marsh,1
marsproject,1
martech2018,1
Marvel,1
MaschineLearning,1
masteralgorithm,1
masterpiece,1
match,1
matchonpurpose,1
matchup,1
matematik,1
math,1
MathematicalCorporation,1
Mathematics,1
maths,1
matkallatulevaisuuteen,1
Matzuda,1
mauritius,1
maya,1
Mayor,1
MBAtech18,1
mbs,1
MBX,1
mbx18,1
mc18,1
McCannHealth,1
McDonalds,1
McKinseyAI,1
mcommerce,1
MDA,1
MDM360,1
mdoc,1
MEA,1
MEBroadcast,1
Meccatronica,1
MedAI,1
meddevice,1
MedEd,1
MediaAssetManagament,1
MediaLab,1
Medical,1
MedicalBills,1
medicalethics,1
MedicalExpoEmag,1
Medicine,1
medicines,1
medico,1
medium,1
Medliminal,1
MedNetwork,1
MEDTECH,1
meetami,1
meeting,1
megacities,1
megatrends,1
Megatrends,1
Meltdown,1
memories,1
MENACOMM,1
Mentalhealth,1
MentalHealth,1
MER,1
Mercedes,1
mergers,1
MeritAI,1
MES,1
MessageMuse,1
Messenger,1
MessengerMarketing,1
MetaBudget,1
MetaIPSS,1
MetaKIS,1
methodology,1
metoo,1
MetroBank,1
Mexico,1
México,1
meynex,1
MFG,1
MHGElevate,1
micact8,1
MICE,1
Michigan,1
MicroFocus,1
micropodcast276183,1
micropodcast276184,1
micropodcast276185,1
micropodcast276186,1
micropodcast276188,1
micropodcast276189,1
micropodcast276190,1
micropodcast276192,1
micropodcast276194,1
micropodcast276195,1
micropodcast276196,1
micropodcast276197,1
micropodcast276198,1
micropodcast276199,1
micropodcast276200,1
micropodcast276201,1
micropodcast276202,1
micropodcast276203,1
micropodcast276204,1
micropodcast276205,1
micropodcast276206,1
micropodcast276207,1
micropodcast276208,1
micropodcast276209,1
micropodcast276210,1
micropodcast276211,1
micropodcast276212,1
micropodcast276215,1
micropodcast276216,1
micropodcast276217,1
micropodcast276218,1
micropodcast276219,1
micropodcast276220,1
micropodcast276222,1
micropodcast276223,1
micropodcast276224,1
micropodcast276225,1
micropodcast276226,1
microscope,1
microscopes,1
MicrosoftAdvocate,1
microsoftblogs,1
microsoftedu,1
MicrosoftEdu,1
MicrosoftOffice,1
microsoftstudios,1
MicrosoftTeams,1
middleeast,1
MIEExpert,1
MiércolesGeek,1
MIFIDII,1
MIGlobal,1
migrantidigitali,1
MII,1
MikeEchols,1
MilanoDesignWeek2018,1
milestone,1
militarytech,1
millenials,1
millenniumlive,1
millerheiman,1
millionairelifestyle,1
millionairemindset,1
Milwaukee,1
MiMcrowd,1
MiMCrowd,1
min,1
mine,1
Mine,1
Minecraft,1
minipod,1
Minsk,1
mint,1
mintsummit,1
Misdiagnosis,1
MishawakaWay,1
misinformation,1
MissileDefense,1
mistakes,1
MitigateUrbanCongestion,1
Mixedreality,1
MixModelling,1
mixtalks,1
MKR,1
Ml,1
ML101,1
MLConference,1
MLExpert,1
MLSociety,1
MLW2018,1
mobeyforum,1
Mobike,1
MobileBanking,1
mobilegames,1
mobilemarketing,1
MobileMarketing,1
mobilepayments,1
mobileTechnology,1
MobileTechnology,1
model,1
Model3,1
modelado,1
Modeling,1
models,1
ModernCFO,1
ModernCX,1
ModiInUK,1
moli,1
MONage,1
moneymanagement,1
MoneyWatch,1
monitoring,1
montrealjobs,1
mooc,1
morality,1
morehuman,1
mormon,1
MorpheusCup,1
MorpheusCup2018,1
MorpheusCupParis,1
Morrissey,1
Morristown,1
mortgage,1
MOSCOW,1
most,1
MotherEarth,1
MotherofInvention,1
motioncapture,1
motiongraphics,1
Motorola,1
movieclass,1
movies,1
MovingForward,1
MRPP,1
MrRobot,1
MrRoboto,1
MRX,1
MSBots,1
MSBuild,1
MSFT,1
MSiA,1
MSME,1
msnbc,1
MSPartner,1
MSteams,1
mstechsummit,1
MT,1
MTAGuestAuthor,1
Mulitcloud,1
MultiAgent,1
MultiChannel,1
Multicloud,1
MultiCloud,1
multiculturaliDAD,1
multiending,1
Multimedia2018,1
multimodal,1
mundane,1
mundo,1
Munich,1
muniland,1
munis,1
MusicBlockchain,1
MusicGenomeProject,1
Musicians,1
musiclovers,1
MusicLovers,1
muslim,1
MustListen,1
mustread,1
MustRead,1
MUTEKI,1
mutualfunds,1
MVP,1
Mvpaward,1
MVPBuzz,1
mwc17,1
MWC2018,1
MXNET,1
MxT,1
mydubaj,1
MyHealthyFuture,1
Myrian,1
myths,1
MyTwitterAnniversary,1
NABshow,1
Nachhaltigkeit,1
NADASHOW,1
Nagarro,1
NAInnovation,1
nanotechnology,1
Nanotechnology,1
NanoTechnology,1
narratives,1
NASASocial,1
Nasdaq100,1
nasscomCSummit,1
NationalHaikuPoetryDay,1
NativeAdvertising,1
Natural,1
naturallanguage,1
naturallanguageprocessing,1
nature,1
NAV2018,1
navalaviation,1
NCTECH,1
nebulaai,1
negocios,1
NEID,1
neko,1
neo,1
NEO,1
Neo4J,1
Neobank,1
nerds,1
Netanyahu,1
NetEye,1
NetNeutrality,1
NetSuite,1
NetworkMonitoring,1
Networks,1
NEUG18,1
NeuHub,1
Neuralink,1
NeuralLace,1
NeuralLink,1
neuralnet,1
NeuralNet,1
NeuroMarketing,1
Neuromation,1
neuromorphic,1
NeuronaleNetzwerke,1
neurophysics,1
neuroStim,1
neurosurgery,1
NeverGiveUp,1
New,1
newbusiness,1
newcareers,1
newCitizen,1
NewEra,1
NewJobs,1
newmr,1
NewMR,1
NewMusic,1
newNew,1
newopportunities,1
newsaggregator,1
Newsnight,1
newsroom,1
Newsroom,1
NEWSで妄想,1
NewTech,1
newtechnology,1
newtechorder,1
NewTimes,1
NewWorldOrder,1
newyork,1
NewZealand,1
nextcc18,1
nextdrive18,1
nextgen,1
NextGen,1
NEXTGEN,1
nextmdk,1
NextMdk,1
Nexuslegal,1
NexusLink,1
nfm2018,1
NFV,1
ngconf2018,1
NGI4EU,1
NGOs,1
nhl,1
NI,1
nibFrankie,1
Nibot,1
Nice06,1
Nigeria,1
Nigerian,1
NIID,1
NIKKEI,1
nirvana,1
NIVIDA,1
nlproc,1
nlu,1
NoAnimalMeat,1
NoCode,1
NOcode,1
NodeJS,1
Nof1,1
NOKINDERMORGAN,1
NOKM,1
nola,1
nonprofit,1
nöralağ,1
Nordic,1
nordiciotweek,1
north,1
Northern,1
northface,1
notThereyet,1
NP,1
NPL,1
nptech,1
NSCLC,1
NTTデータ採用担当公式,1
Nucléaire,1
Nuernberg,1
Nuro,1
nvidia,1
NVIDIA,1
nyc,1
NYSE,1
NZinc,1
nztech,1
OA,1
Obamacare,1
ObeyPlebs,1
ObjectStorage,1
Obradeteatro,1
OCBCBank,1
Occident,1
Occult,1
ocean,1
Oceans,1
Odesma,1
odni,1
OECD,1
officelife,1
officeparty,1
offprod,1
OFO,1
OilandGas,1
OilAndGas,1
Okoin,1
Ola,1
oldmedia,1
oligarchy,1
olimpialondon,1
olympia,1
omnicanalità,1
Omnichannel,1
Oncology,1
onehealth,1
OnePlanet,1
ongoodterms,1
onlineadv,1
OnlineCourts,1
Onlinehändler,1
OnlinePrivacy,1
onlinesafety,1
Onlinesales,1
onlinesecurity,1
onlineshopping,1
onlineVIDEO,1
only,1
onpoli,1
Ontario,1
OpEd,1
openai,1
openAPIBanking,1
openbanking,1
OpenCV,1
OpenFog,1
OpenInnovation,1
openpaas,1
OpenScience,1
openstandards,1
OpenthePodBayDoorsHal,1
operational,1
operations,1
ophthalmology,1
Ophthalmology,1
OPNFV,1
oppor,1
oprisk,1
optics,1
Opu,1
Oracl,1
OracleCloudPartners,1
OracleCode,1
OracleEmp,1
OraclePA,1
Orange,1
OrangeBank,1
orbit,1
orchestrated,1
organisations,1
organization,1
organizationalchange,1
OriginalContent,1
orthopedics,1
osaka,1
OT,1
Otan,1
OTC,1
OTinnovate,1
OTT,1
Oulu,1
ourCommonwealth,1
OURSA,1
OURSA18,1
outdoorrecreactionNetwork,1
outsourcing,1
Outsourcing,1
OVERDRIVE,1
overheden,1
overpopulation,1
OwnRoot,1
Oxfordshire,1
OxPropFest,1
P20,1
PA20_dg,1
pact,1
PaddlePaddle,1
PaeseDigitale,1
Pafow,1
Pagamenti,1
paidresearch,1
pain,1
paint,1
painting,1
Pambayesian,1
panamahoy,1
pandas,1
paolomazza,1
paper,1
paradisefound,1
paranoia,1
parapensar,1
ParcoursSup,1
parenting,1
parents,1
Paris,1
park,1
Parliament,1
partners,1
Partners,1
partnership,1
PartnerSmart,1
party,1
PASSIONATE,1
passivemanagement,1
Past,1
Pasteur,1
Patent,1
pathjc,1
pathologists,1
PatientExperience,1
patientfirst,1
patientmanagement,1
patients,1
Patients,1
patientsafety,1
patriarchy,1
patrimonio,1
patternanalysis,1
patterndetection,1
PatternRecognition,1
PaymentService,1
PaymentsSimplified,1
pbx,1
pcdue,1
pcexpander,1
PCInsurance,1
pcit,1
PCL,1
PcW,1
PD,1
PD4PC,1
PDF,1
PDL1,1
PDX,1
PEAK君,1
pealesperegrine,1
pedagogy,1
Pegaworld,1
pennystocks,1
penrose,1
Pentagon,1
Pentest,1
peoplefirst,1
Pepper,1
perception,1
Perceptions,1
PerfectNightOut,1
performancetracking,1
Perfume,1
persia,1
perso,1
PersonalFinance,1
personalisedmedicine,1
personalizedlearning,1
Personalmarketing,1
PETA,1
PFCC,1
PFN,1
Pharmaceutical,1
pharmamktg,1
pharmanews,1
phdchat,1
phdjobs,1
PHI,1
Philadelphia,1
philanthropy,1
Phishing,1
phones,1
photograph,1
photographer,1
photoshop,1
Physics,1
PII,1
pim,1
PiotrPrajsnar,1
pips,1
Pitch,1
pivot,1
pixels,1
planche,1
planets,1
Plans,1
platformeconomy,1
plattform,1
playeractionsrecognized,1
pmchat,1
pmi,1
PMI,1
pmo,1
PMO,1
pmot,1
PMWC18,1
PNA,1
Pocket,1
podcaster,1
podcasts,1
podgenie,1
podiumdata,1
poesia,1
poesiagrafica,1
poetry,1
poetrycommunity,1
Pointnext,1
PointOfSale,1
PokemonGO,1
pokerface,1
Poland,1
policestate,1
Political,1
PoliticoAI,1
politiek,1
pompeo,1
popular,1
populationhealth,1
Porn,1
Porsche,1
portfoliomanagement,1
Portolano,1
PORTrockIT,1
PoS,1
POS,1
PositiveNaickAnalytics,1
POSSystems,1
post,1
Post,1
posthumanism,1
postproduction,1
posts,1
postsingularityapplications,1
posttruth,1
posture,1
Posture,1
Potus45,1
Poutine,1
Poverty,1
Power9,1
powerai,1
powerapps,1
powerbi,1
PowerBi,1
powerlifting,1
powerOfAI,1
PowerSystems,1
PPC,1
PR,1
practice,1
Praktikant,1
prayer,1
PrecisionHomes_,1
precisionmedicine,1
predators,1
Predicciones,1
Prediciting,1
predict,1
Predictability,1
predictionmachines,1
PredictionMachines,1
Predictive,1
PredictiveIntelligence,1
premi,1
preschool,1
prescription,1
Present,1
prevention,1
prezi,1
priceoptimization,1
PrioritizePipeline,1
prison,1
privacybydesign,1
PrivilegedAccess,1
PRM360,1
probabilistic,1
problemsolve,1
ProblemSolver,1
processautomation,1
processes,1
processing,1
Processing,1
processors,1
ProcessRobotics,1
Procurementtechnology,1
ProductDesign,1
productdevelopment,1
ProductDevelopment,1
production,1
productive,1
productlove,1
productmanagement,1
Productmanagement,1
productmanager,1
ProductMarketFit,1
products,1
professionaldevelopment,1
professionals,1
professionisti,1
Profitability,1
profitable,1
programmatic,1
ProgrammeManagement,1
programmers,1
progressnotperfection,1
project,1
ProjectClara,1
ProjectManagement,1
projectmanager,1
projectstreetwise,1
promisingResults,1
Promotion,1
PROMs,1
propaganda,1
Propaganda,1
proptech,1
PropTech,1
prostatecancer,1
prosthetic,1
prosthetics,1
proterp,1
PROTO,1
proudmary,1
proventures,1
Providence,1
proxion,1
prozessautomatisierung,1
Prudential,1
Prumysl40,1
PS4,1
PS4live,1
pschotronics,1
psd,1
PSVIP,1
psychology,1
psychometric,1
psyops,1
PubicHealth,1
PublicHealth,1
Publicidad,1
publicprivatepartnership,1
publicrelations,1
PublicRelations,1
publicsafety,1
publicshaming,1
publishing,1
pubsub,1
PurchaseIntelligence,1
purchasing,1
Purestorage,1
Putin,1
PWC,1
pymes,1
Pythology,1
PyTorch,1
Q4Q2018,1
QA,1
qanon,1
QAnon,1
QBFirmOfTheFuture,1
QBIM2,1
QompassMarkets,1
qrsecurities,1
QTUM,1
QualityAssurance,1
Quantum,1
quantumtechnology,1
que,1
Queensland,1
queertwitter,1
QueLeer,1
queserser,1
quest,1
Question,1
QuestionEverything,1
QuickHelp,1
quinidata,1
Quote,1
quoteoftheday,1
quotes,1
QUT,1
qwickrate,1
RacialProfiling,1
racism,1
Racism,1
RAD,1
Radcube,1
radiationoncology,1
radiationtherapy,1
radikaalitteknologiat,1
radiographer,1
RADRplatform,1
RAEngResearch,1
rahab,1
RandD,1
raptors,1
raspberian,1
raumlabor,1
RDVforum,1
ReachFurther,1
Real,1
RealidadAumentada,1
reality,1
reallife,1
RealNews,1
realsophiarobot,1
RealTime,1
recipeblog,1
reckoning,1
RecomiendoLeer,1
recommendations,1
RecruiterLife,1
recruiters,1
RecruitingTools,1
recruitmentgyan,1
RecruitmentTips,1
recruitmenttrends,1
Recrutement,1
RedBUX,1
RedCross,1
reddit,1
Reddit,1
redes,1
RedFez,1
RedHat,1
redTeam,1
reFix,1
Register,1
regression,1
regulate,1
Regulation,1
RegulatorySandbox,1
Reimagine2018,1
Reinforcement,1
reinforcementlearning,1
relevance,1
religión,1
remembrancer,1
renewableenergy,1
RenewableEnergy,1
replicants,1
Report,1
reporting,1
Reporting,1
repost,1
Repost,1
reseacher,1
researchers,1
Reseller,1
resilience,1
Resiliency,1
ResilientCities,1
resources,1
responsibleAI,1
restroom,1
resurrection,1
RET,1
Retailers,1
RetailMonth,1
retailnews,1
RetailPersonalization,1
RetailRobotics,1
RetailTech,1
rethinking,1
retirement,1
retrofit,1
returns,1
retweet,1
Review,1
Revolution,1
revuedepresse,1
reworkAI,1
reworkDL,1
RFNotes,1
Rhetorical,1
Rhinos,1
RHOBH,1
ricavi,1
rich,1
Ricomincioda4,1
rights,1
RIMS,1
RipCity,1
RiseofAI,1
riseoftheeobots,1
Riskmanagement,1
RiskOpportunity,1
rm,1
RNAtherapeutics,1
Ro,1
Road2AI,1
RoadMap,1
RoadSafety,1
Robin8,1
Robo,1
roboadvsior,1
robolawyer,1
roboregulation,1
roborights,1
robotadvisor,1
Robotarecoming,1
robotaxis,1
robotcollega,1
roboter,1
Roboti,1
robótica,1
Robótica,1
roboticadiy,1
roboticaeducativa,1
roboticprocessautomation,1
ROBOTICS,1
RoboticSurgery,1
robotique,1
robotisation,1
RobotLawyer,1
robotrights,1
robotscientist,1
RobotSoccer,1
RobotSwag,1
robotyzacja,1
ROCm,1
roi,1
roku,1
RollingOut,1
RollsRoyce,1
Rome,1
RovensysLab,1
RPADiaries,1
Rpbp,1
RPO,1
rps,1
RPSElections,1
rsac,1
rsac2018,1
RSE,1
Rstats,1
rstatsES,1
RTLZ,1
RuderFinn,1
RuderFinnIndia,1
RuleOfLaw,1
rulesbased,1
runwaylux,1
rushhour,1
Russes,1
Russie,1
RWE,1
RX,1
ryneknieruchomości,1
s30c,1
S4hanacloud,1
SAAS,1
SAF,1
safeAI,1
Safer,1
SageBusinessCloud,1
Sagemaker,1
saintsaresmarterthanthebotmasters,1
salarysurvey,1
sale,1
SalesAutomation,1
salescoaching,1
salesenablement,1
SalesEngagement,1
salesforecasting,1
salesperformance,1
salesreadiness,1
SalesTips,1
Salman,1
SamsungEmployee,1
Samviti,1
SANFRAN,1
SanFrancisco,1
sanitàelettronica,1
SantaClara,1
sante,1
Sante,1
santé,1
SAS,1
SAS2018,1
SASconnect,1
sasretail,1
sassy,1
SASwebinar,1
SatelliteData,1
satire,1
saudiarabia,1
SaveSyria,1
SaveTheDate,1
SavetheRhinos,1
sayhellotoDavid,1
saying,1
Sc,1
SCADA,1
SCAI2018,1
scala,1
scalesofjustus,1
ScalesofJustus,1
scaleup,1
Scammers,1
Scandal,1
schizophrenia,1
school,1
School,1
Schoolsafety,1
schoolsecurity,1
sci,1
scienceisgreat,1
SciencePolicy,1
ScienceTechNews,1
sciencevalais,1
ScientificComputing,1
scientist,1
scientists,1
Scikit_Learn,1
scikitlearn,1
scipol,1
Scoring,1
screening,1
screenshot,1
scrum,1
sculpture,1
SCV,1
SDDC,1
SDG5,1
SDLive,1
SDSC18,1
SDWAN,1
SDx,1
sea,1
SealatCLOC,1
SearchEngine,1
SearchEngineOptimization,1
Sécurité,1
SecurityCamera,1
SecurityPatch,1
Secutech2018,1
segmentation,1
Segmentation,1
Seguridad,1
selfaware,1
Selfdriving,1
SelfDrivingCar,1
SelfDrivingVehicles,1
selfempowerment,1
selfhelp,1
SelfReference,1
SelfService,1
semantris,1
Semantris,1
Seminars,1
sense,1
SenseTime,1
SensingCity,1
sentience,1
sentient,1
sentiment,1
Sentiment,1
Sentimentanalysis,1
SENTINL,1
seotips,1
Seoul,1
SeriesC,1
serverless,1
servicedesign,1
ServiceDesk,1
servicemanagement,1
services,1
servicioscognitivos,1
servitization,1
setn2018,1
severino,1
sexism,1
sexrobots,1
sf,1
sff,1
SFIRL,1
shakeuplearning,1
Share,1
SharedServices,1
sharing,1
sharingeconomy,1
sharksurveillance,1
SharpTruth,1
shift,1
shipping,1
Shopify,1
shoplocal,1
shoppingonline,1
shoppingstar,1
short,1
shortstory,1
SHOUTnews,1
ShoutOut,1
SI,1
Sicherheit,1
SICRobo,1
sidekick,1
SIFMAOps,1
Signals,1
SignalsNetwork,1
SigTitan,1
sigurnost,1
siliconbeach,1
SiliconSavanahPodcast,1
siliconslopes,1
SiliconValleyPolitics,1
silverlining,1
silvijaseres,1
SimCity,1
simplicity,1
Simulation,1
singapore,1
Singapre,1
Singularität,1
singularityhub,1
sinovation,1
Sinovation,1
siri,1
skincare,1
Skychain,1
slack,1
slam,1
slamball,1
slave,1
slei2,1
slippery,1
SmartAgriculture,1
SmartAgro,1
smartassistant,1
SmartBelfast,1
smartbuilding,1
smartbuildings,1
SmartBuildings,1
SmartCamera,1
smartcitiea,1
SMartCities,1
smartcitieswheel,1
SmartCitiesWheel,1
SmartContract,1
SmartData,1
SmartEnergy,1
smarter,1
SmarterHR,1
smarticities,1
smartindustry,1
smartiot,1
smartliving,1
SmartMobility,1
SmartNews,1
SmartNICs,1
smartparking,1
Smartphone,1
Smartphones,1
smartrail,1
smartspeakers,1
Smartspeakers,1
smarttech,1
smartTechnology,1
smartweapons,1
smb,1
SMCSO18,1
SME2012,1
SME2012B,1
smell,1
smileexpo,1
SMO,1
sms,1
smsmarketing,1
SNA,1
snapchat,1
Snapchat,1
snatchbot,1
snf18,1
snow,1
SNRTG,1
soccer,1
socent,1
SocialAI,1
socialbusiness,1
socialcreditscore,1
socialEng,1
socialgood,1
socialimpact,1
socialinnovation,1
SocialInnovation,1
socialmarketing,1
socialmedi,1
SocialMediaEtiquette,1
SocialMediaManagement,1
SocialNetwork,1
socialresponsibilities,1
socialroi,1
society5,1
soconfused,1
Sodatone,1
softwareengineer,1
SoftwareSytems,1
SolitaFS,1
SOM18,1
songwriting,1
SonríoCuando,1
sony,1
Sony,1
sophiarobot,1
Sourcing,1
SouthAfrican,1
southwest,1
Space,1
spaceexploration,1
spaceodyssey,1
spaceship,1
SpaceToGround,1
spaceX,1
SpaceX,1
spam,1
Spark,1
SparkCognition,1
spatialaudio,1
SpeakerSpotlight,1
special,1
specialeducation,1
SpecialEducation,1
specialneeds,1
Spectre,1
Spectrum,1
SpEd,1
spedChat,1
spending,1
Spiderman,1
spin,1
Splunk,1
spon,1
Spoofing,1
Sports,1
SportsContent,1
SportsMarketing,1
sportsnews,1
Spotify,1
SPTIoTCoE,1
spy,1
Spyware,1
SpyWare,1
sql,1
sqlfamily,1
SQLite,1
sqlpass,1
SQLServerAgent,1
Squirro,1
SSC,1
SSIRfrontiers,1
SSIS,1
stack,1
stage,1
stalking,1
stampa3d,1
Stanford,1
stanleycup,1
stanleykubrick,1
STANY2018,1
Start,1
Startu,1
STARTUP,1
startupAsia,1
startupaus,1
startupIndia,1
StartupNation,1
startupsinpolicy,1
startwithwhy,1
States,1
Stats,1
Stayahead,1
StaySafeOnline,1
staywoke,1
StenaLine,1
stentrode,1
STEPedge,1
stephanemallard,1
stevejobs,1
STGM,1
Stirling,1
StirUni,1
STMC18,1
stockmarkets,1
Stocktoberfest,1
Storage,1
STORAGETC,1
store,1
StratCom,1
strategic,1
strategie,1
Strategix,1
strength,1
strengths,1
structure,1
STT,1
StudentSafety,1
StudioEuropa,1
StudioOperations,1
StudyTips,1
suas,1
subGroups,1
submarine,1
submarinecable,1
SubSaharan,1
subsea,1
subseanetwork,1
subservience,1
Successful,1
Sundar,1
superannuation,1
supercomputer,1
Supercomputer,1
Superhero,1
superhornet,1
superhuman,1
superintelligence,1
supplierrisk,1
SupplyChainManagement,1
supplychains,1
supporter,1
SupportMarket,1
supporto,1
supremacy,1
suptech,1
SurfaceHub,1
Surgery,1
Surveillancecameras,1
Survey,1
Sustainability,1
sustainable,1
Sustainable,1
SVM,1
Swag,1
Swarming,1
SwarmIntelligence,1
swingtrading,1
switzerland,1
Switzerland,1
SXSW,1
sxsw2017,1
SXSW2018,1
sydjobs,1
SydneyAccelerator,1
SylwiaPędzińska,1
symptoms,1
sync,1
syndicode,1
Syrië,1
sysadmin,1
System,1
Systems,1
SystemsThinking,1
SYSTRAN,1
sztucznainteligencja,1
SztucznaInteligencja,1
t,1
TA,1
TAA,1
tablets,1
tailor,1
TAITOSS,1
TAITRA,1
Taiwan,1
takeaction,1
TakeITeasy,1
TakeOver,1
TalentPool,1
TalentQuality,1
talentshortage,1
Talk,1
talking,1
TalktoAtlasTrend,1
Tampere,1
tangle,1
Tangle,1
tasks,1
TaxDay2018,1
tbt,1
TDM,1
TDMforAll,1
te,1
team,1
teamcollaboration,1
TeamEricsson,1
teamteatro,1
TeamTrade,1
TeamTyler,1
teamwork,1
tears,1
Teatro,1
tec,1
Tech_world,1
TECH40,1
tech4good,1
techblogs,1
TechCanada,1
techCompanies,1
TechCompanyNews,1
techdiversity,1
techenthusiast,1
techethics,1
TechEthics,1
TechGiant,1
TechGigCodeGladiators,1
techhq,1
techhqio,1
techie,1
Techie,1
TechInAsia,1
techincubator,1
TechJobs,1
techjunkie,1
TechLaw,1
Technical,1
TechnicalContent,1
technicals,1
techno,1
Techno,1
technolgy,1
technologia,1
Technologists,1
TECHNOLOGY,1
TechnologyIntensive,1
technologytheme,1
TechnologyThursday,1
technologytrends,1
TechPioneers,1
TechPulseReport,1
techreview,1
techrevolution,1
Techruption,1
techsecurity,1
TechSkills,1
TechTalk,1
TechTower,1
techtrend,1
techTweet,1
TechVibes,1
TechVision,1
TechVision2018,1
TechX365,1
tecnologia,1
Tecnologia,1
tecnología,1
TED2018,1
TEDTalk,1
tedx,1
tedxfribourg,1
TedxMannheim,1
tehnology,1
teknologia,1
teknoloji,1
tekoaly,1
telcos,1
telecom,1
telecommunications,1
telecomprofessionals,1
Telecoms,1
telegram,1
telekom,1
telenor,1
teleophthalmology,1
Teleradiology,1
tellers,1
Telstra,1
template,1
tencommandments,1
TENSORFLOW,1
TensorFlowLite,1
TensorFlowMobile,1
teollisuus,1
teraflops,1
terrademrt,1
tess,1
testautomation,1
TestAutomation,1
text,1
TextAnalytics,1
Textiles,1
textmining,1
Thales,1
thankful,1
Thanksforthereading,1
thanksgoogle,1
THEAICONF,1
Theano,1
theanswer,1
TheAnswer,1
THEANSWER,1
TheAppleTree,1
TheDisruptors,1
thefuture,1
TheFutureIsNOW,1
TheFutureIsWeird,1
thefutureofsales,1
TheGateWayToHell,1
TheHealthSummit,1
theMartti,1
thematic,1
thematrixhasyou,1
thenextweb,1
theperfectstorm,1
therapy,1
TheresaMay,1
TheRobot,1
TheRoseBaby,1
theウラシマS,1
think_science,1
ThinkAU,1
ThinkBeyond,1
ThinkBig,1
thinkdifferent,1
thinkHR,1
thinking,1
ThirdParty,1
thirdpartyrisk,1
thirdtemple,1
Threat,1
Threatened,1
Threats,1
thriveindisruption,1
throttle,1
throttled,1
thucvu,1
ThursdayMotivaton,1
TI,1
TicPods,1
TiE,1
TiE50,1
TiEConDubai,1
TiEInflect2018,1
TiESV,1
tieto50,1
tigerpuffer,1
time,1
TimeIsNow,1
TimeLord,1
TimePhoneHack,1
TimeSeries,1
TimesSquare,1
timtalks,1
TipoftheDay,1
tips,1
TJBot,1
TMMXAwards,1
toaidol,1
toaiiiii,1
ToastAsAService,1
toctoc,1
TodayInLegalAI,1
togethergiveback,1
TOIC2018,1
Token,1
tokenising,1
Tokenomix,1
Tokensale,1
Tokensales,1
TOKIO,1
tokyo,1
tokyotech,1
TomoboxCouchThing,1
tomorrow,1
toolbox,1
Tools,1
topexcusesin2030,1
TopGun,1
TopInfluence,1
TOPOLI,1
ToRead,1
Toshiba,1
totalitarianism,1
totalretail,1
TOTD,1
touring,1
Tourism,1
toxicpeople,1
ToysRUs,1
TQM,1
tracking,1
tradefinance,1
TradeMeetings,1
trader,1
Trader,1
TradeWar,1
TradingStrategies,1
Traffic,1
TrafficJam,1
Trafficking,1
traiing,1
training,1
TraitéABM,1
transcendence,1
transfonumerique,1
TransformationDigitale,1
transhuman,1
Transhumanism,1
translation,1
Translation,1
transportation,1
transportationrevolution,1
transportplanning,1
trash,1
TravelGuide,1
travelinsurance,1
travellers,1
TravelTuesday,1
Treasurers,1
trendalert,1
trendbuero,1
Triangle,1
Triggmine,1
Trillionaire,1
TripAdvisor,1
TRRisk,1
Truck,1
Truckshow,1
TRUDEAUism,1
trump,1
TRUMPism,1
TrumpTrain,1
TrustBarometer,1
TrustedSecuritySolutions,1
truth,1
Truth,1
TruthMatters,1
TRX,1
TRX教団に気をつけて,1
TTS,1
TTS프로그램,1
Tuesday,1
Tuesdaymood,1
tulevaisuus,1
tunisia,1
Tunisia,1
Turin,1
Turingtest,1
TuringTest,1
Tutoriel,1
TVOW,1
tweet,1
tweetwrittenbyhuman,1
Twitte,1
TwoSigma,1
työkyky,1
työntulevaisuus,1
u,1
uae,1
UAEEducation,1
uas,1
uat,1
uav,1
UAVs,1
uber,1
UBI,1
Ubisoft,1
UBS,1
Ubuntu,1
UC,1
Ucaas,1
UCC,1
UCEXPO,1
Ucomms,1
ue4,1
UFC,1
ufo,1
UGC,1
UHC,1
uitp,1
UKIndia,1
UKLateHour,1
UKRCO2018,1
ultrasounds,1
Uncertainty,1
unconsciousbias,1
UNCTADeWeek,1
Understanding,1
unemployment,1
unescochairstiptn,1
Unicorn,1
UniCreditStartLab,1
UnifiedNewsOperations,1
unity3d,1
universe,1
Universidad,1
UniversitariosConAMLO,1
university,1
Unternehmen,1
uomjobs,1
UoT,1
UPGREAT,1
UPPliftTO,1
upskill,1
upstream,1
uptime,1
usa,1
Usa,1
Usability,1
usergeneratedcontent,1
userinterface,1
UserInterfaces,1
userresearch,1
usfda,1
USG,1
usn,1
ute,1
utilities,1
utility,1
uxlondon,1
V4,1
valais,1
valuebasedcare,1
values,1
vampires,1
Vancouver,1
VanDev,1
VANPOLI,1
var,1
VAW,1
vc,1
VCFunding,1
vcipa,1
VCortex,1
VDAB,1
VéhiculesAutonomes,1
vendormanagement,1
vendorrisk,1
venezuela,1
venturefund,1
venue,1
Verdict,1
verge,1
VERI,1
verification,1
Vermögensverwaltung,1
Vernetzung,1
Versicherung,1
vertrouwen,1
Vetenskapsfestivalen,1
vetfest,1
VidaPrivada,1
VideoAI,1
videoanalytics,1
videoanalytiikka,1
videomapping,1
videomarketing,1
Videomarketing,1
VideoMarketing,1
videoproduction,1
VideoRendering,1
videosurveilance,1
videosurveillance,1
vienna,1
Vik,1
villagecapital,1
vinylrecords,1
Virtual,1
VirtualBankers,1
VirtualEducation,1
VirtualFrankie,1
VirtualPersonalAssistant,1
virtualREality,1
Virtualreality,1
VirtualUniverse,1
VirtualWorld,1
visa,1
visionbasedsurveys,1
visione,1
VisionKit,1
Visual,1
VisualArt,1
visualisation,1
visualisations,1
visualsearch,1
VisualSearch,1
VivoY71,1
Viya,1
vmware,1
VNF,1
VocalAssistant,1
VoiceBanking,1
voicebot,1
Voicebot,1
Voicefirst,1
voicerecognition,1
Voicerecognition,1
VoiceRecognition,1
VoiceTech,1
voicetosoundJAPAN,1
VoiceUI,1
voip,1
voiture,1
volkswagen,1
Volt,1
VoLTE,1
volttech,1
Vote,1
voting,1
vptv,1
Vr,1
VRdayART,1
VRintelligent,1
VSCode,1
VTuber,1
vuejs,1
VW,1
wakeup,1
WakeUpAmerica,1
WalledGarden,1
Wallstreet,1
walmart,1
WalterMSYeh,1
wam,1
WANrockIT,1
wantwantWANT,1
warbird,1
warmup,1
Washington,1
WashingtonDC,1
WastedTimes,1
watching,1
watchoutGoogle,1
Waterloo,1
WaterSmart,1
WaterSolutions,1
watsoncommerce,1
WatsonCommerce,1
WatsonCustomerEngagement,1
WaveMaker,1
WBFDubai,1
WBGMeetings,1
we,1
WE,1
wealth,1
wealthnavi,1
WealthNavi,1
weapon,1
Weapon,1
wearabletech,1
WeAreAllAIEVE,1
wearehiring,1
wearelenovo,1
WeArePeople,1
weatherprediction,1
Web_designing,1
webbot,1
webchat,1
webde,1
webdes,1
Webdesign,1
WebDesign,1
WEBdevelopment,1
webdizajn,1
WebinarOfTheDay,1
Webroot,1
webrtc,1
webscraping,1
websites,1
websolution,1
WEB製作,1
WeCan2,1
weeds,1
Weekly,1
WEForum,1
welcome2luxembourg,1
welcometothefuture,1
Wensday,1
westworld,1
WhatImReading,1
whiteboardwednesday,1
WHN,1
WhoisMorgan,1
whoknew,1
WhosWritingTheDcloudDemo,1
whowillmanageai,1
Why,1
whynot,1
Wiesbaden,1
WiFi,1
WikiLeaks,1
WildlandsProject,1
willfulblindness,1
WilliamsAdvancedEngineering,1
WilliamsGroup,1
WillSmith,1
Windoperationsdallas2018,1
Windows10,1
Windrush,1
wine,1
winery,1
Wingman,1
Wirex,1
wismo,1
wizard,1
WMF18,1
womaninbio,1
Womenandtech,1
womenentrepreneurs,1
WomeninAI,1
womenonboards,1
Wonderlan,1
WonderWomen,1
woods,1
woodworking,1
Word2vec,1
wordpress,1
Workers,1
workexperience,1
workflow,1
workforcedevelopment,1
workout,1
workplaceofthefuture,1
workplaces,1
WorkplaceSafety,1
WorkWednesday,1
WorkwithAI,1
workyworky,1
WorldCup,1
WorldCup2018,1
Worldheritageday,1
WorldHeritageDay,1
WorldofWindows,1
worldontrack,1
worldpoly,1
WorldPremiere,1
worldtradecenter,1
writers,1
writerslife,1
Writing,1
writingadvice,1
WrongThink,1
wsismm,1
XAI,1
XBC,1
XEnergy,1
Xiaocle,1
xigrid,1
xigridtech,1
XiJinping,1
xinja,1
XLM,1
XMEDChain,1
XperiaHello,1
xrp,1
XRPtoTheMoon,1
Y4U,1
Yahoo,1
yapayzeka,1
YearofTheX,1
YES4UTOPIA,1
Yjam,1
YomHaatzmaut,1
YoshuaBengio,1
YourPersonalStockMarketAssistant,1
yukiboekhouden,1
yvesklein,1
yvr,1
YVR,1
yvrtech,1
yyc,1
yycwalks,1
Zara,1
Zava,1
Zenuity,1
ZeroTouch,1
zict,1
ZigZiglar,1
zillow,1
Zoltar,1
zorg,1
ZuckerbergHearing,1
ZukunftderArbeit,1
zurich,1
Zürich,1
Ω,1
АТОР,1
болгария,1
всевключено,1
греция,1
европа,1
ИИ,1
испания,1
италия,1
кипр,1
КМИС,1
нюансы,1
туризм,1
турция,1
хорватия,1
الذكاء_الاصطناعي,1
بيئة,1
تقنية,1
ذكاء_اصطناعي,1
ลงทุน,1
국립중앙청소년수련원,1
녹취인식,1
딥러닝,1
방송음성,1
방송프로그램,1
보이스아나운서,1
보이스웨어,1
서울,1
안내방송,1
영어교육,1
음성기술,1
음성인식,1
음성합성,1
카이스트,1
콜센터,1
アイデア,1
あいどる,1
アイメッド,1
アイメッドが教えてくれる,1
アカペラ,1
アクトレスインキュベーション,1
アニメ,1
アニメーション,1
アメリカ,1
アルファ碁,1
イギリス,1
イスラエル,1
イラスト好きな人と繋がりたい,1
エモル,1
エンターテインメント,1
オシエル,1
おでかけ,1
おはよう日本,1
オリンピック,1
お父さんAIスケッチ,1
お金,1
がん,1
ガン,1
カンナ,1
ギター,1
キャップ,1
キラキラ,1
グロイストルコイン,1
コルタナ,1
これマジすごい,1
コンテンツ論,1
コントラクトブリッジ,1
サイト,1
サカナクション,1
ジェネレーター,1
スケッチ,1
スタートアップ,1
スマートエスイー,1
スマートスピーカー,1
センスタイム,1
ソフトバンク,1
デザイン,1
デジタル化,1
デビュー,1
テレビ論,1
トークショー,1
とあたろう,1
ドクター探しアプリ,1
トラフグ,1
パン,1
バンコク,1
ビョーク,1
フグ,1
ブックレビュー,1
ブロガー,1
プロジェクト管理ツール,1
ベーグル,1
ヘイロー,1
ポーカー,1
ほすと,1
ポット出版,1
ホログラフ,1
ホログラム,1
ホンダ,1
マーケティングはおもしろい,1
マネーロンダリング,1
メディアアート,1
メンタルヘルス,1
もこもこ,1
ヤフー,1
ラジ,1
リアルタイム分析,1
リオ五輪,1
リスク対策ドットコム,1
ルートエフ・データム,1
レキシ,1
ロク,1
ロボット接客,1
ゑびや,1
七度文庫,1
三浦大知,1
中国,1
井上陽水,1
人工知能が医療を変,1
仮想,1
企業危機管理,1
伝統文化,1
何科にかかれば良いか分からない時は,1
便利な機能,1
入力を工夫する,1
入社試験,1
労働,1
医療,1
医療機器,1
千葉カフェ,1
半分の銀行なくなってくる,1
参考書,1
君の名は,1
喫茶店,1
囲碁未来,1
大阪みなみ,1
大隈塾,1
失明,1
女体化,1
女優,1
宇多田ヒカル,1
官能小説,1
将棋,1
就活,1
帽子,1
広島銀行,1
建築現場,1
建設現場,1
投信,1
投資信託,1
拡大写真,1
教育,1
教養としてのテクノロジー,1
文章,1
新しいプロフィール画像,1
新人,1
新入社員,1
旅行,1
日本棋院,1
日本経済新聞,1
早稲田大学,1
木村カエラ,1
栗本薫,1
格付け,1
椎名林檎,1
検索,1
歌ってみた,1
毎グラ,1
海,1
海外遠征,1
減災,1
為替予想,1
爆上げ,1
物流,1
物流施設,1
画質補正,1
癌,1
発明の日,1
目に見えないお金,1
真鍋大度,1
碁,1
視覚障がい,1
視覚障害,1
竹内涼真,1
第四次産業革命,1
糖尿病,1
紅白歌合戦,1
組織論,1
経済,1
網膜症,1
綺麗,1
美少女,1
自動売買,1
自動運転,1
藍,1
藤井聡太四段,1
融資審査,1
行動経済学,1
観光,1
読売新聞,1
資産形成,1
転職,1
近くの名医を教えて欲しい,1
返信,1
透過PNG,1
週休2日,1
適切な口コミが医療をより良くする,1
釣り,1
銀行,1
開発,1
震災,1
音夢はいつも眠たげ,1
音楽,1
顔認識,1
高知新聞,1
魚,1
魚図鑑,1
魚好きな人と繋がりたい,1
